begin;

insert into dice_Dice (guid_Die, min_Roll, max_Roll, average_Roll, name_Die) VALUES ('1ff5257c-1568-49c1-a656-088b4884efc0', 1, 4, 2.5, 'd4')
;insert into dice_Dice (guid_Die, min_Roll, max_Roll, average_Roll, name_Die) VALUES ('32fb76a6-a39a-4bb7-b761-48b96bf0f3a8', 1, 8, 4.5, 'd8')
;insert into dice_Dice (guid_Die, min_Roll, max_Roll, average_Roll, name_Die) VALUES ('04c5e5d5-fe76-4dfe-b4bb-a0c26e914307', 1, 6, 3.5, 'd6')
;insert into dice_Dice (guid_Die, min_Roll, max_Roll, average_Roll, name_Die) VALUES ('e01bf86f-0ff3-4cf7-897f-a185afb33c54', 1, 10, 5.5, 'd10')
;insert into dice_Dice (guid_Die, min_Roll, max_Roll, average_Roll, name_Die) VALUES ('61cb0fcd-7038-43e5-894f-a1a7a2cccce1', 1, 20, 10.5, 'd20')
;insert into dice_Dice (guid_Die, min_Roll, max_Roll, average_Roll, name_Die) VALUES ('c4d1ecfa-f454-45cf-be70-cf784baf834f', 1, 12, 6.5, 'd12')
;insert into dice_Dice (guid_Die, min_Roll, max_Roll, average_Roll, name_Die) VALUES ('bd31d66d-3731-45bb-88b2-dbf1acfa6e98', 1, 1, 1, 'd1')

;insert into com_AbilityScore (guid_AbilityScore, name_AbilityScore) VALUES ('2d98bb55-6f0f-4d35-bcdc-01a405ce770f', 'Wisdom')
;insert into com_AbilityScore (guid_AbilityScore, name_AbilityScore) VALUES ('74ee66a4-deda-4660-9f4a-2d40becc0e77', 'Constitution')
;insert into com_AbilityScore (guid_AbilityScore, name_AbilityScore) VALUES ('fa1e2ba9-e0b0-4cef-bfda-4b2fac5caee9', 'Strength')
;insert into com_AbilityScore (guid_AbilityScore, name_AbilityScore) VALUES ('a8a91281-619e-43af-b32d-8ef14cc41151', 'Intelligence')
;insert into com_AbilityScore (guid_AbilityScore, name_AbilityScore) VALUES ('d38c4a57-4c05-4eff-872f-d9c886ca558f', 'Charisma')
;insert into com_AbilityScore (guid_AbilityScore, name_AbilityScore) VALUES ('6c49abc6-06f1-436a-a046-f50e9cc93808', 'Dexterity')

;insert into arm_lu_ArmorType (guid_ArmorType, name_ArmorType) VALUES ('f79ac52b-9051-4150-bd72-04685bafb2ec', 'Heavy')
;insert into arm_lu_ArmorType (guid_ArmorType, name_ArmorType) VALUES ('56932a77-ee68-4be6-a38d-3310856d9c40', 'Light')
;insert into arm_lu_ArmorType (guid_ArmorType, name_ArmorType) VALUES ('91aa2a71-adc6-4dd5-8bd7-50e97c29ec45', 'Medium')
;insert into arm_lu_ArmorType (guid_ArmorType, name_ArmorType) VALUES ('017f6724-b3bb-47a9-866f-aa0f6b5ea615', 'Natural')

;insert into arm_Armor (guid_Armor, guid_ArmorType, name_Armor, armor_Class, has_StealthDisadvantage) VALUES ('bc22c77c-47ce-4545-8e01-0dc50b181863', '017f6724-b3bb-47a9-866f-aa0f6b5ea615', 'Natural Armor', 0, false)
;insert into arm_Armor (guid_Armor, guid_ArmorType, name_Armor, armor_Class, has_StealthDisadvantage) VALUES ('5671fbac-4ca1-40f7-a2ba-2ca169cfda74', 'f79ac52b-9051-4150-bd72-04685bafb2ec', 'Splint', 17, true)
;insert into arm_Armor (guid_Armor, guid_ArmorType, name_Armor, armor_Class, has_StealthDisadvantage) VALUES ('28c85887-22a6-48fd-af47-3672826ca38b', '56932a77-ee68-4be6-a38d-3310856d9c40', 'Studded leather', 12, false)
;insert into arm_Armor (guid_Armor, guid_ArmorType, name_Armor, armor_Class, has_StealthDisadvantage) VALUES ('473b5e7e-8aa8-47c3-a277-40afaf1b8663', '56932a77-ee68-4be6-a38d-3310856d9c40', 'Leather', 11, false)
;insert into arm_Armor (guid_Armor, guid_ArmorType, name_Armor, armor_Class, has_StealthDisadvantage) VALUES ('4691e07a-52e1-4a67-8c76-5ce7be7e3c6e', '91aa2a71-adc6-4dd5-8bd7-50e97c29ec45', 'Hide', 12, false)
;insert into arm_Armor (guid_Armor, guid_ArmorType, name_Armor, armor_Class, has_StealthDisadvantage) VALUES ('aec7ec59-d514-47be-868f-66d6d11dd8fa', '56932a77-ee68-4be6-a38d-3310856d9c40', 'Padded', 11, true)
;insert into arm_Armor (guid_Armor, guid_ArmorType, name_Armor, armor_Class, has_StealthDisadvantage) VALUES ('709e9bd1-33dd-40c3-a768-73278de345a6', '91aa2a71-adc6-4dd5-8bd7-50e97c29ec45', 'Scale Mail', 14, true)
;insert into arm_Armor (guid_Armor, guid_ArmorType, name_Armor, armor_Class, has_StealthDisadvantage) VALUES ('e3380772-677d-47e0-8b12-84f4e131b787', '91aa2a71-adc6-4dd5-8bd7-50e97c29ec45', 'Half Plate', 15, true)
;insert into arm_Armor (guid_Armor, guid_ArmorType, name_Armor, armor_Class, has_StealthDisadvantage) VALUES ('3163b20f-aeae-48db-b63d-a72e4c956e9c', '91aa2a71-adc6-4dd5-8bd7-50e97c29ec45', 'Breastplate', 14, false)
;insert into arm_Armor (guid_Armor, guid_ArmorType, name_Armor, armor_Class, has_StealthDisadvantage) VALUES ('f747896e-2497-4ac6-9fe9-afbc7647bcd8', 'f79ac52b-9051-4150-bd72-04685bafb2ec', 'Ring Mail', 14, true)
;insert into arm_Armor (guid_Armor, guid_ArmorType, name_Armor, armor_Class, has_StealthDisadvantage) VALUES ('ca6d4488-781d-4be6-8ce8-bc65496b4450', 'f79ac52b-9051-4150-bd72-04685bafb2ec', 'Chain Mail', 16, true)
;insert into arm_Armor (guid_Armor, guid_ArmorType, name_Armor, armor_Class, has_StealthDisadvantage) VALUES ('088f622d-e6c3-4ff4-af2a-cb002f8e1405', '91aa2a71-adc6-4dd5-8bd7-50e97c29ec45', 'Chain Shirt', 13, false)
;insert into arm_Armor (guid_Armor, guid_ArmorType, name_Armor, armor_Class, has_StealthDisadvantage) VALUES ('c9f77dd7-34f5-4292-9452-ef60a59413c3', 'f79ac52b-9051-4150-bd72-04685bafb2ec', 'Plate', 18, true)

;insert into arm_rl_ACModifier (guid_Armor, max_Modifier, guid_AbilityScore) VALUES ('28c85887-22a6-48fd-af47-3672826ca38b', 0, '6c49abc6-06f1-436a-a046-f50e9cc93808')
;insert into arm_rl_ACModifier (guid_Armor, max_Modifier, guid_AbilityScore) VALUES ('473b5e7e-8aa8-47c3-a277-40afaf1b8663', 0, '6c49abc6-06f1-436a-a046-f50e9cc93808')
;insert into arm_rl_ACModifier (guid_Armor, max_Modifier, guid_AbilityScore) VALUES ('4691e07a-52e1-4a67-8c76-5ce7be7e3c6e', 2, '6c49abc6-06f1-436a-a046-f50e9cc93808')
;insert into arm_rl_ACModifier (guid_Armor, max_Modifier, guid_AbilityScore) VALUES ('aec7ec59-d514-47be-868f-66d6d11dd8fa', 0, '6c49abc6-06f1-436a-a046-f50e9cc93808')
;insert into arm_rl_ACModifier (guid_Armor, max_Modifier, guid_AbilityScore) VALUES ('709e9bd1-33dd-40c3-a768-73278de345a6', 2, '6c49abc6-06f1-436a-a046-f50e9cc93808')
;insert into arm_rl_ACModifier (guid_Armor, max_Modifier, guid_AbilityScore) VALUES ('e3380772-677d-47e0-8b12-84f4e131b787', 2, '6c49abc6-06f1-436a-a046-f50e9cc93808')
;insert into arm_rl_ACModifier (guid_Armor, max_Modifier, guid_AbilityScore) VALUES ('3163b20f-aeae-48db-b63d-a72e4c956e9c', 2, '6c49abc6-06f1-436a-a046-f50e9cc93808')
;insert into arm_rl_ACModifier (guid_Armor, max_Modifier, guid_AbilityScore) VALUES ('088f622d-e6c3-4ff4-af2a-cb002f8e1405', 2, '6c49abc6-06f1-436a-a046-f50e9cc93808')

;insert into arm_Shield (guid_Shield, name_Shield, armor_Class) VALUES ('1adc4be5-872e-40d2-91cf-e3c7a2757281', 'Shield', 2)

;insert into com_CR (guid_CR, rank_CR, name_CR, experience_Points) VALUES ('6798d7f1-d779-437c-9c99-000031c5d30c', 6, '2', 450)
;insert into com_CR (guid_CR, rank_CR, name_CR, experience_Points) VALUES ('f6d26cd6-f212-452b-a6f4-033cd3525d49', 28, '24', 62000)
;insert into com_CR (guid_CR, rank_CR, name_CR, experience_Points) VALUES ('8bb60024-59fa-46e0-921e-05f60dd26cdb', 34, '30', 155000)
;insert into com_CR (guid_CR, rank_CR, name_CR, experience_Points) VALUES ('b5f9abae-8b6e-43d0-b3c1-08b23907121a', 8, '4', 1100)
;insert into com_CR (guid_CR, rank_CR, name_CR, experience_Points) VALUES ('d8e93c9d-4553-4ce1-b30b-14c5822e4b22', 20, '16', 15000)
;insert into com_CR (guid_CR, rank_CR, name_CR, experience_Points) VALUES ('b997bbc4-0aed-4a32-acab-166134369f47', 31, '27', 105000)
;insert into com_CR (guid_CR, rank_CR, name_CR, experience_Points) VALUES ('ac3179be-938e-4819-9098-2106abdbb429', 22, '18', 20000)
;insert into com_CR (guid_CR, rank_CR, name_CR, experience_Points) VALUES ('e45b322e-a694-43a0-a42d-210b2fcf05f7', 1, '0', 0)
;insert into com_CR (guid_CR, rank_CR, name_CR, experience_Points) VALUES ('7faff7cc-8691-4b27-ae01-2606bafba93f', 15, '11', 7200)
;insert into com_CR (guid_CR, rank_CR, name_CR, experience_Points) VALUES ('e58ab5bd-f7be-4989-bfd0-26840cf218f7', 24, '20', 25000)
;insert into com_CR (guid_CR, rank_CR, name_CR, experience_Points) VALUES ('c5a8e3ba-b773-4ed2-ae74-27bdb5b3e0c0', 14, '10', 5900)
;insert into com_CR (guid_CR, rank_CR, name_CR, experience_Points) VALUES ('a0e4ee68-87f0-433c-bfa6-2c834b382119', 30, '26', 90000)
;insert into com_CR (guid_CR, rank_CR, name_CR, experience_Points) VALUES ('9c3c55bc-5044-46e4-9bc4-3d2ebe317430', 21, '17', 18000)
;insert into com_CR (guid_CR, rank_CR, name_CR, experience_Points) VALUES ('6558423c-eb07-48dc-a694-3efdc36be41d', 32, '28', 120000)
;insert into com_CR (guid_CR, rank_CR, name_CR, experience_Points) VALUES ('32a77e7d-ade9-4461-8941-421809e379fc', 2, '1/8', 25)
;insert into com_CR (guid_CR, rank_CR, name_CR, experience_Points) VALUES ('fa7e2c4d-5fc6-41c1-83f6-442c7282950b', 12, '8', 3900)
;insert into com_CR (guid_CR, rank_CR, name_CR, experience_Points) VALUES ('584e036f-f640-4e76-937a-57fb7c9aad41', 5, '1', 200)
;insert into com_CR (guid_CR, rank_CR, name_CR, experience_Points) VALUES ('4fbabffc-b152-43cc-b361-5b03cb53c60d', 29, '25', 75000)
;insert into com_CR (guid_CR, rank_CR, name_CR, experience_Points) VALUES ('902e442e-5ac7-411a-9f77-6b8a12e58cdf', 23, '19', 22000)
;insert into com_CR (guid_CR, rank_CR, name_CR, experience_Points) VALUES ('7a06f521-598d-4736-9c7f-6e4d87c77a05', 4, '1/2', 100)
;insert into com_CR (guid_CR, rank_CR, name_CR, experience_Points) VALUES ('8caf6098-94d8-4d25-a19f-6edc5131d168', 18, '14', 11500)
;insert into com_CR (guid_CR, rank_CR, name_CR, experience_Points) VALUES ('27de4a7f-8762-41d8-b6b9-6f1f1902de74', 25, '21', 33000)
;insert into com_CR (guid_CR, rank_CR, name_CR, experience_Points) VALUES ('9bc8da1e-a396-46ae-8884-758b0676c05a', 19, '15', 13000)
;insert into com_CR (guid_CR, rank_CR, name_CR, experience_Points) VALUES ('ce7a5f69-a0fa-4bc0-9568-7aee7cfa0cc4', 13, '9', 5000)
;insert into com_CR (guid_CR, rank_CR, name_CR, experience_Points) VALUES ('5c50c90f-1fc0-4c89-85b6-7e5890c42d2a', 33, '29', 135000)
;insert into com_CR (guid_CR, rank_CR, name_CR, experience_Points) VALUES ('2bd93716-3342-4160-891f-8cdbebdf885e', 27, '23', 50000)
;insert into com_CR (guid_CR, rank_CR, name_CR, experience_Points) VALUES ('c1926a33-4e10-4eee-b4f5-9e186e9b6cc8', 10, '6', 2300)
;insert into com_CR (guid_CR, rank_CR, name_CR, experience_Points) VALUES ('22e2f0ce-c357-4d4f-8668-bf4d85b3369c', 26, '22', 41000)
;insert into com_CR (guid_CR, rank_CR, name_CR, experience_Points) VALUES ('641fa88c-f7b3-4822-9136-d174b155e193', 9, '5', 1800)
;insert into com_CR (guid_CR, rank_CR, name_CR, experience_Points) VALUES ('12a0ccf5-11c7-44f4-a44f-e7729ee11bba', 11, '7', 2900)
;insert into com_CR (guid_CR, rank_CR, name_CR, experience_Points) VALUES ('54d4a58f-d22d-4c49-b16c-f40979f55207', 17, '13', 10000)
;insert into com_CR (guid_CR, rank_CR, name_CR, experience_Points) VALUES ('7205de9d-e02b-4c83-bbc0-f6ede21434f6', 7, '3', 700)
;insert into com_CR (guid_CR, rank_CR, name_CR, experience_Points) VALUES ('864ed2cf-5aea-45a7-add2-f7228ea1e3f3', 16, '12', 8400)
;insert into com_CR (guid_CR, rank_CR, name_CR, experience_Points) VALUES ('2a7b6a97-4784-452f-936e-ff44d2cbc3ba', 3, '1/4', 50)
;insert into com_Language (guid_Language, name_Language, name_Script) VALUES ('bbca4bf6-f2aa-425d-b31e-2719a5a11ecb', 'Elvish', 'Elvish')
;insert into com_Language (guid_Language, name_Language, name_Script) VALUES ('24de5d90-3314-40d2-b725-27388161d9c5', 'Halfling', 'Common')
;insert into com_Language (guid_Language, name_Language, name_Script) VALUES ('3d904bac-cccf-42fd-8ca2-35813066a96e', 'Undercommon', 'Underscript')
;insert into com_Language (guid_Language, name_Language, name_Script) VALUES ('ffa8126e-f845-4a56-b950-56a2fc2231f9', 'Orc', 'Dwarvish')
;insert into com_Language (guid_Language, name_Language, name_Script) VALUES ('68336ea4-c5a6-478d-9a3b-717cbec7273c', 'Sylvan', 'Elvish')
;insert into com_Language (guid_Language, name_Language, name_Script) VALUES ('e957ed0f-78b2-4428-8a51-78f72c40d702', 'Draconic', 'Draconic')
;insert into com_Language (guid_Language, name_Language, name_Script) VALUES ('cdc039b0-38b1-4578-a081-7960b9b09f49', 'Dwarvish', 'Dwarvish')
;insert into com_Language (guid_Language, name_Language, name_Script) VALUES ('d57871f8-2905-4d98-aa5a-8544f8cc1d14', 'Giant', 'Dwarvish')
;insert into com_Language (guid_Language, name_Language, name_Script) VALUES ('74dd4172-d496-48b0-878e-92856964dae1', 'Goblin', 'Dwarvish')
;insert into com_Language (guid_Language, name_Language, name_Script) VALUES ('cf3aa67b-ac66-4fbd-a83d-93881ec3113f', 'Primordial', 'Dwarvish')
;insert into com_Language (guid_Language, name_Language, name_Script) VALUES ('9b578587-711a-4ab9-a09c-95a77bf28342', 'Common', 'Common')
;insert into com_Language (guid_Language, name_Language, name_Script) VALUES ('3b7fcac8-79c3-4e32-a5ec-c427e1518c74', 'Celestial', 'Celestial')
;insert into com_Language (guid_Language, name_Language, name_Script) VALUES ('56a41403-9e73-4174-908d-c9e03d49d4b8', 'Infernal', 'Infernal')
;insert into com_Language (guid_Language, name_Language, name_Script) VALUES ('9cace042-ced7-4fac-b71b-cc3fe2e30890', 'Gnomish', 'Dwarvish')
;insert into com_Language (guid_Language, name_Language, name_Script) VALUES ('6ae5c857-6faa-4a6b-83de-d2e4fce8305a', 'Deep Speech', 'None')
;insert into com_Language (guid_Language, name_Language, name_Script) VALUES ('f0804fe8-00f8-4d94-a21a-e09974a19afc', 'Abyssal', 'Infernal')
;insert into com_lu_Movement (guid_Movement, name_Movement) VALUES ('66ad7c4f-8a55-4256-99a9-48152b0f4fcb', 'Walking')
;insert into com_lu_Movement (guid_Movement, name_Movement) VALUES ('474b0d21-87bf-4a7b-bd77-625293f1497a', 'Climbing')
;insert into com_lu_Movement (guid_Movement, name_Movement) VALUES ('84fe9cca-37e3-45b7-bda9-903c268a8a28', 'Swimming')
;insert into com_lu_Movement (guid_Movement, name_Movement) VALUES ('d4d08461-7a02-466e-9988-b68f44c06906', 'Burrowing')
;insert into com_lu_Movement (guid_Movement, name_Movement) VALUES ('f5420c6c-29be-4178-afaa-dab2710a67bd', 'Flying')
;insert into com_lu_Senses (guid_Sense, name_Sense) VALUES ('373dc787-a970-465e-86f5-05ea95c53689', 'Darkvision')
;insert into com_lu_Senses (guid_Sense, name_Sense) VALUES ('17b2ad71-e65a-4ef3-aabc-09e5d943153b', 'Blindsight')
;insert into com_lu_Senses (guid_Sense, name_Sense) VALUES ('9b13aada-c519-4a0f-aaab-43002f8fd2d9', 'Truesight')
;insert into com_lu_Senses (guid_Sense, name_Sense) VALUES ('3c3890cb-3e8f-4ec4-88f5-f908c2259f12', 'Tremorsense')
;insert into com_lu_Skill (guid_skill, name_Skill) VALUES ('0994ad2c-3c16-4a28-9099-00e800b8a18e', 'Investigation')
;insert into com_lu_Skill (guid_skill, name_Skill) VALUES ('591a52a7-a577-4fa7-915a-077cb6434b97', 'History')
;insert into com_lu_Skill (guid_skill, name_Skill) VALUES ('c55ffa93-4ec6-465d-a607-3ca1a6e5c8dc', 'Medicine')
;insert into com_lu_Skill (guid_skill, name_Skill) VALUES ('98afd2f4-dcb0-4ef9-9c22-4183e652de8a', 'Persuasion')
;insert into com_lu_Skill (guid_skill, name_Skill) VALUES ('605fb05b-0adc-4d7d-ba63-46fb95bf3b7c', 'Perception')
;insert into com_lu_Skill (guid_skill, name_Skill) VALUES ('9f2451a2-35ef-433e-9f2f-63e6c5154004', 'Athletics')
;insert into com_lu_Skill (guid_skill, name_Skill) VALUES ('af549fb6-6972-4fe1-b063-9743d82ce9e5', 'Nature')
;insert into com_lu_Skill (guid_skill, name_Skill) VALUES ('bf93e1a0-4445-4f0c-a2d2-9ab7bbfb395c', 'Stealth')
;insert into com_lu_Skill (guid_skill, name_Skill) VALUES ('ef3db14f-370a-42ef-9515-acbc78fc657d', 'Survival')
;insert into com_lu_Skill (guid_skill, name_Skill) VALUES ('c6769c24-53df-43ae-a696-b901493ccb5e', 'Religion')
;insert into com_lu_Skill (guid_skill, name_Skill) VALUES ('340307f6-63c6-4f02-9417-d2a34677446d', 'Intimidation')
;insert into com_lu_Skill (guid_skill, name_Skill) VALUES ('c7714643-aa68-4fc3-8ae5-dcf0307fdf47', 'Insight')
;insert into com_lu_Skill (guid_skill, name_Skill) VALUES ('ea6b363d-4d3e-4883-8b29-dcf9c71db876', 'Performance')
;insert into com_lu_Skill (guid_skill, name_Skill) VALUES ('2e6c43f3-ddef-4dd8-9ab6-ef985e7018fb', 'Animal Handling')
;insert into com_lu_Skill (guid_skill, name_Skill) VALUES ('e9d9e738-38f5-44ef-b3fd-f4edc8b82d3c', 'Deception')
;insert into com_lu_Skill (guid_skill, name_Skill) VALUES ('d675676c-2312-4f81-97d1-f4fe6ced7ac3', 'Sleight of Hand')
;insert into com_lu_Skill (guid_skill, name_Skill) VALUES ('1084a24e-7746-4775-8f70-f7980c3514f4', 'Arcana')
;insert into com_lu_Skill (guid_skill, name_Skill) VALUES ('dae0c6b2-9a75-42b1-abe9-f7bca37d7a65', 'Acrobatics')
;insert into com_ProtectionFromDamage (guid_Protection, name_Protection) VALUES ('2197b8e4-d5a4-462d-bbd1-33b29e4f9bf6', 'Resistance')
;insert into com_ProtectionFromDamage (guid_Protection, name_Protection) VALUES ('78bc70a4-f0c3-4c6a-8745-b2b054099ce8', 'Immunity')
;insert into com_rl_AbilityScore_Modifier (value_AbilityScore, value_AbilityScore_Modifier) VALUES (1, -5)
;insert into com_rl_AbilityScore_Modifier (value_AbilityScore, value_AbilityScore_Modifier) VALUES (2, -4)
;insert into com_rl_AbilityScore_Modifier (value_AbilityScore, value_AbilityScore_Modifier) VALUES (3, -4)
;insert into com_rl_AbilityScore_Modifier (value_AbilityScore, value_AbilityScore_Modifier) VALUES (4, -3)
;insert into com_rl_AbilityScore_Modifier (value_AbilityScore, value_AbilityScore_Modifier) VALUES (5, -3)
;insert into com_rl_AbilityScore_Modifier (value_AbilityScore, value_AbilityScore_Modifier) VALUES (6, -2)
;insert into com_rl_AbilityScore_Modifier (value_AbilityScore, value_AbilityScore_Modifier) VALUES (7, -2)
;insert into com_rl_AbilityScore_Modifier (value_AbilityScore, value_AbilityScore_Modifier) VALUES (8, -1)
;insert into com_rl_AbilityScore_Modifier (value_AbilityScore, value_AbilityScore_Modifier) VALUES (9, -1)
;insert into com_rl_AbilityScore_Modifier (value_AbilityScore, value_AbilityScore_Modifier) VALUES (10, 0)
;insert into com_rl_AbilityScore_Modifier (value_AbilityScore, value_AbilityScore_Modifier) VALUES (11, 0)
;insert into com_rl_AbilityScore_Modifier (value_AbilityScore, value_AbilityScore_Modifier) VALUES (12, 1)
;insert into com_rl_AbilityScore_Modifier (value_AbilityScore, value_AbilityScore_Modifier) VALUES (13, 1)
;insert into com_rl_AbilityScore_Modifier (value_AbilityScore, value_AbilityScore_Modifier) VALUES (14, 2)
;insert into com_rl_AbilityScore_Modifier (value_AbilityScore, value_AbilityScore_Modifier) VALUES (15, 2)
;insert into com_rl_AbilityScore_Modifier (value_AbilityScore, value_AbilityScore_Modifier) VALUES (16, 3)
;insert into com_rl_AbilityScore_Modifier (value_AbilityScore, value_AbilityScore_Modifier) VALUES (17, 3)
;insert into com_rl_AbilityScore_Modifier (value_AbilityScore, value_AbilityScore_Modifier) VALUES (18, 4)
;insert into com_rl_AbilityScore_Modifier (value_AbilityScore, value_AbilityScore_Modifier) VALUES (19, 4)
;insert into com_rl_AbilityScore_Modifier (value_AbilityScore, value_AbilityScore_Modifier) VALUES (20, 5)
;insert into com_rl_AbilityScore_Modifier (value_AbilityScore, value_AbilityScore_Modifier) VALUES (21, 5)
;insert into com_rl_AbilityScore_Modifier (value_AbilityScore, value_AbilityScore_Modifier) VALUES (22, 6)
;insert into com_rl_AbilityScore_Modifier (value_AbilityScore, value_AbilityScore_Modifier) VALUES (23, 6)
;insert into com_rl_AbilityScore_Modifier (value_AbilityScore, value_AbilityScore_Modifier) VALUES (24, 7)
;insert into com_rl_AbilityScore_Modifier (value_AbilityScore, value_AbilityScore_Modifier) VALUES (25, 7)
;insert into com_rl_AbilityScore_Modifier (value_AbilityScore, value_AbilityScore_Modifier) VALUES (26, 8)
;insert into com_rl_AbilityScore_Modifier (value_AbilityScore, value_AbilityScore_Modifier) VALUES (27, 8)
;insert into com_rl_AbilityScore_Modifier (value_AbilityScore, value_AbilityScore_Modifier) VALUES (28, 9)
;insert into com_rl_AbilityScore_Modifier (value_AbilityScore, value_AbilityScore_Modifier) VALUES (29, 9)
;insert into com_rl_AbilityScore_Modifier (value_AbilityScore, value_AbilityScore_Modifier) VALUES (30, 10)
;insert into com_rl_AbilityScore_Skill (guid_AbilityScore, guid_skill) VALUES ('2d98bb55-6f0f-4d35-bcdc-01a405ce770f', 'c55ffa93-4ec6-465d-a607-3ca1a6e5c8dc')
;insert into com_rl_AbilityScore_Skill (guid_AbilityScore, guid_skill) VALUES ('2d98bb55-6f0f-4d35-bcdc-01a405ce770f', '605fb05b-0adc-4d7d-ba63-46fb95bf3b7c')
;insert into com_rl_AbilityScore_Skill (guid_AbilityScore, guid_skill) VALUES ('2d98bb55-6f0f-4d35-bcdc-01a405ce770f', 'ef3db14f-370a-42ef-9515-acbc78fc657d')
;insert into com_rl_AbilityScore_Skill (guid_AbilityScore, guid_skill) VALUES ('2d98bb55-6f0f-4d35-bcdc-01a405ce770f', 'c7714643-aa68-4fc3-8ae5-dcf0307fdf47')
;insert into com_rl_AbilityScore_Skill (guid_AbilityScore, guid_skill) VALUES ('2d98bb55-6f0f-4d35-bcdc-01a405ce770f', '2e6c43f3-ddef-4dd8-9ab6-ef985e7018fb')
;insert into com_rl_AbilityScore_Skill (guid_AbilityScore, guid_skill) VALUES ('fa1e2ba9-e0b0-4cef-bfda-4b2fac5caee9', '9f2451a2-35ef-433e-9f2f-63e6c5154004')
;insert into com_rl_AbilityScore_Skill (guid_AbilityScore, guid_skill) VALUES ('a8a91281-619e-43af-b32d-8ef14cc41151', '0994ad2c-3c16-4a28-9099-00e800b8a18e')
;insert into com_rl_AbilityScore_Skill (guid_AbilityScore, guid_skill) VALUES ('a8a91281-619e-43af-b32d-8ef14cc41151', '591a52a7-a577-4fa7-915a-077cb6434b97')
;insert into com_rl_AbilityScore_Skill (guid_AbilityScore, guid_skill) VALUES ('a8a91281-619e-43af-b32d-8ef14cc41151', 'af549fb6-6972-4fe1-b063-9743d82ce9e5')
;insert into com_rl_AbilityScore_Skill (guid_AbilityScore, guid_skill) VALUES ('a8a91281-619e-43af-b32d-8ef14cc41151', 'c6769c24-53df-43ae-a696-b901493ccb5e')
;insert into com_rl_AbilityScore_Skill (guid_AbilityScore, guid_skill) VALUES ('a8a91281-619e-43af-b32d-8ef14cc41151', '1084a24e-7746-4775-8f70-f7980c3514f4')
;insert into com_rl_AbilityScore_Skill (guid_AbilityScore, guid_skill) VALUES ('d38c4a57-4c05-4eff-872f-d9c886ca558f', '98afd2f4-dcb0-4ef9-9c22-4183e652de8a')
;insert into com_rl_AbilityScore_Skill (guid_AbilityScore, guid_skill) VALUES ('d38c4a57-4c05-4eff-872f-d9c886ca558f', '340307f6-63c6-4f02-9417-d2a34677446d')
;insert into com_rl_AbilityScore_Skill (guid_AbilityScore, guid_skill) VALUES ('d38c4a57-4c05-4eff-872f-d9c886ca558f', 'ea6b363d-4d3e-4883-8b29-dcf9c71db876')
;insert into com_rl_AbilityScore_Skill (guid_AbilityScore, guid_skill) VALUES ('d38c4a57-4c05-4eff-872f-d9c886ca558f', 'e9d9e738-38f5-44ef-b3fd-f4edc8b82d3c')
;insert into com_rl_AbilityScore_Skill (guid_AbilityScore, guid_skill) VALUES ('6c49abc6-06f1-436a-a046-f50e9cc93808', 'bf93e1a0-4445-4f0c-a2d2-9ab7bbfb395c')
;insert into com_rl_AbilityScore_Skill (guid_AbilityScore, guid_skill) VALUES ('6c49abc6-06f1-436a-a046-f50e9cc93808', 'd675676c-2312-4f81-97d1-f4fe6ced7ac3')
;insert into com_rl_AbilityScore_Skill (guid_AbilityScore, guid_skill) VALUES ('6c49abc6-06f1-436a-a046-f50e9cc93808', 'dae0c6b2-9a75-42b1-abe9-f7bca37d7a65')
;insert into com_Size (guid_Size, name_Size, guid_Die) VALUES ('a4d28780-e894-4d7a-b065-1cb00ee01d80', 'Small', '04c5e5d5-fe76-4dfe-b4bb-a0c26e914307')
;insert into com_Size (guid_Size, name_Size, guid_Die) VALUES ('5e6048f6-e0ec-4bb1-9065-2116230246ff', 'Gargantuan', '61cb0fcd-7038-43e5-894f-a1a7a2cccce1')
;insert into com_Size (guid_Size, name_Size, guid_Die) VALUES ('2ef6d926-9d94-46d6-9f4d-6b14321d7d2e', 'Tiny', '1ff5257c-1568-49c1-a656-088b4884efc0')
;insert into com_Size (guid_Size, name_Size, guid_Die) VALUES ('c64a7d4b-30cd-4eee-a276-dbbde28daa21', 'Medium', '32fb76a6-a39a-4bb7-b761-48b96bf0f3a8')
;insert into com_Size (guid_Size, name_Size, guid_Die) VALUES ('5d0ff0c0-6053-476e-a423-df63946be45e', 'Large', 'e01bf86f-0ff3-4cf7-897f-a185afb33c54')
;insert into com_Size (guid_Size, name_Size, guid_Die) VALUES ('a9404107-c146-4e4f-ac83-f1b5df09bed7', 'Huge', 'c4d1ecfa-f454-45cf-be70-cf784baf834f')
;insert into core_lu_CR_Proficiency (proficiency_bonus, guid_CR) VALUES (2, '6798d7f1-d779-437c-9c99-000031c5d30c')
;insert into core_lu_CR_Proficiency (proficiency_bonus, guid_CR) VALUES (7, 'f6d26cd6-f212-452b-a6f4-033cd3525d49')
;insert into core_lu_CR_Proficiency (proficiency_bonus, guid_CR) VALUES (9, '8bb60024-59fa-46e0-921e-05f60dd26cdb')
;insert into core_lu_CR_Proficiency (proficiency_bonus, guid_CR) VALUES (2, 'b5f9abae-8b6e-43d0-b3c1-08b23907121a')
;insert into core_lu_CR_Proficiency (proficiency_bonus, guid_CR) VALUES (5, 'd8e93c9d-4553-4ce1-b30b-14c5822e4b22')
;insert into core_lu_CR_Proficiency (proficiency_bonus, guid_CR) VALUES (8, 'b997bbc4-0aed-4a32-acab-166134369f47')
;insert into core_lu_CR_Proficiency (proficiency_bonus, guid_CR) VALUES (6, 'ac3179be-938e-4819-9098-2106abdbb429')
;insert into core_lu_CR_Proficiency (proficiency_bonus, guid_CR) VALUES (2, 'e45b322e-a694-43a0-a42d-210b2fcf05f7')
;insert into core_lu_CR_Proficiency (proficiency_bonus, guid_CR) VALUES (4, '7faff7cc-8691-4b27-ae01-2606bafba93f')
;insert into core_lu_CR_Proficiency (proficiency_bonus, guid_CR) VALUES (6, 'e58ab5bd-f7be-4989-bfd0-26840cf218f7')
;insert into core_lu_CR_Proficiency (proficiency_bonus, guid_CR) VALUES (4, 'c5a8e3ba-b773-4ed2-ae74-27bdb5b3e0c0')
;insert into core_lu_CR_Proficiency (proficiency_bonus, guid_CR) VALUES (8, 'a0e4ee68-87f0-433c-bfa6-2c834b382119')
;insert into core_lu_CR_Proficiency (proficiency_bonus, guid_CR) VALUES (6, '9c3c55bc-5044-46e4-9bc4-3d2ebe317430')
;insert into core_lu_CR_Proficiency (proficiency_bonus, guid_CR) VALUES (8, '6558423c-eb07-48dc-a694-3efdc36be41d')
;insert into core_lu_CR_Proficiency (proficiency_bonus, guid_CR) VALUES (2, '32a77e7d-ade9-4461-8941-421809e379fc')
;insert into core_lu_CR_Proficiency (proficiency_bonus, guid_CR) VALUES (3, 'fa7e2c4d-5fc6-41c1-83f6-442c7282950b')
;insert into core_lu_CR_Proficiency (proficiency_bonus, guid_CR) VALUES (2, '584e036f-f640-4e76-937a-57fb7c9aad41')
;insert into core_lu_CR_Proficiency (proficiency_bonus, guid_CR) VALUES (8, '4fbabffc-b152-43cc-b361-5b03cb53c60d')
;insert into core_lu_CR_Proficiency (proficiency_bonus, guid_CR) VALUES (6, '902e442e-5ac7-411a-9f77-6b8a12e58cdf')
;insert into core_lu_CR_Proficiency (proficiency_bonus, guid_CR) VALUES (2, '7a06f521-598d-4736-9c7f-6e4d87c77a05')
;insert into core_lu_CR_Proficiency (proficiency_bonus, guid_CR) VALUES (5, '8caf6098-94d8-4d25-a19f-6edc5131d168')
;insert into core_lu_CR_Proficiency (proficiency_bonus, guid_CR) VALUES (7, '27de4a7f-8762-41d8-b6b9-6f1f1902de74')
;insert into core_lu_CR_Proficiency (proficiency_bonus, guid_CR) VALUES (5, '9bc8da1e-a396-46ae-8884-758b0676c05a')
;insert into core_lu_CR_Proficiency (proficiency_bonus, guid_CR) VALUES (4, 'ce7a5f69-a0fa-4bc0-9568-7aee7cfa0cc4')
;insert into core_lu_CR_Proficiency (proficiency_bonus, guid_CR) VALUES (9, '5c50c90f-1fc0-4c89-85b6-7e5890c42d2a')
;insert into core_lu_CR_Proficiency (proficiency_bonus, guid_CR) VALUES (7, '2bd93716-3342-4160-891f-8cdbebdf885e')
;insert into core_lu_CR_Proficiency (proficiency_bonus, guid_CR) VALUES (3, 'c1926a33-4e10-4eee-b4f5-9e186e9b6cc8')
;insert into core_lu_CR_Proficiency (proficiency_bonus, guid_CR) VALUES (7, '22e2f0ce-c357-4d4f-8668-bf4d85b3369c')
;insert into core_lu_CR_Proficiency (proficiency_bonus, guid_CR) VALUES (3, '641fa88c-f7b3-4822-9136-d174b155e193')
;insert into core_lu_CR_Proficiency (proficiency_bonus, guid_CR) VALUES (3, '12a0ccf5-11c7-44f4-a44f-e7729ee11bba')
;insert into core_lu_CR_Proficiency (proficiency_bonus, guid_CR) VALUES (5, '54d4a58f-d22d-4c49-b16c-f40979f55207')
;insert into core_lu_CR_Proficiency (proficiency_bonus, guid_CR) VALUES (2, '7205de9d-e02b-4c83-bbc0-f6ede21434f6')
;insert into core_lu_CR_Proficiency (proficiency_bonus, guid_CR) VALUES (4, '864ed2cf-5aea-45a7-add2-f7228ea1e3f3')
;insert into core_lu_CR_Proficiency (proficiency_bonus, guid_CR) VALUES (2, '2a7b6a97-4784-452f-936e-ff44d2cbc3ba')
;insert into core_lu_Defensive_Values (guid_CR, AC, minimum_HP, maximum_HP) VALUES ('6798d7f1-d779-437c-9c99-000031c5d30c', 13, 86, 100)
;insert into core_lu_Defensive_Values (guid_CR, AC, minimum_HP, maximum_HP) VALUES ('f6d26cd6-f212-452b-a6f4-033cd3525d49', 19, 536, 580)
;insert into core_lu_Defensive_Values (guid_CR, AC, minimum_HP, maximum_HP) VALUES ('8bb60024-59fa-46e0-921e-05f60dd26cdb', 19, 806, 860)
;insert into core_lu_Defensive_Values (guid_CR, AC, minimum_HP, maximum_HP) VALUES ('b5f9abae-8b6e-43d0-b3c1-08b23907121a', 14, 116, 130)
;insert into core_lu_Defensive_Values (guid_CR, AC, minimum_HP, maximum_HP) VALUES ('d8e93c9d-4553-4ce1-b30b-14c5822e4b22', 18, 296, 310)
;insert into core_lu_Defensive_Values (guid_CR, AC, minimum_HP, maximum_HP) VALUES ('b997bbc4-0aed-4a32-acab-166134369f47', 19, 671, 715)
;insert into core_lu_Defensive_Values (guid_CR, AC, minimum_HP, maximum_HP) VALUES ('ac3179be-938e-4819-9098-2106abdbb429', 19, 326, 340)
;insert into core_lu_Defensive_Values (guid_CR, AC, minimum_HP, maximum_HP) VALUES ('e45b322e-a694-43a0-a42d-210b2fcf05f7', 13, 1, 6)
;insert into core_lu_Defensive_Values (guid_CR, AC, minimum_HP, maximum_HP) VALUES ('7faff7cc-8691-4b27-ae01-2606bafba93f', 17, 221, 235)
;insert into core_lu_Defensive_Values (guid_CR, AC, minimum_HP, maximum_HP) VALUES ('e58ab5bd-f7be-4989-bfd0-26840cf218f7', 19, 356, 400)
;insert into core_lu_Defensive_Values (guid_CR, AC, minimum_HP, maximum_HP) VALUES ('c5a8e3ba-b773-4ed2-ae74-27bdb5b3e0c0', 17, 206, 220)
;insert into core_lu_Defensive_Values (guid_CR, AC, minimum_HP, maximum_HP) VALUES ('a0e4ee68-87f0-433c-bfa6-2c834b382119', 19, 626, 670)
;insert into core_lu_Defensive_Values (guid_CR, AC, minimum_HP, maximum_HP) VALUES ('9c3c55bc-5044-46e4-9bc4-3d2ebe317430', 19, 311, 325)
;insert into core_lu_Defensive_Values (guid_CR, AC, minimum_HP, maximum_HP) VALUES ('6558423c-eb07-48dc-a694-3efdc36be41d', 19, 716, 760)
;insert into core_lu_Defensive_Values (guid_CR, AC, minimum_HP, maximum_HP) VALUES ('32a77e7d-ade9-4461-8941-421809e379fc', 13, 7, 36)
;insert into core_lu_Defensive_Values (guid_CR, AC, minimum_HP, maximum_HP) VALUES ('fa7e2c4d-5fc6-41c1-83f6-442c7282950b', 16, 176, 190)
;insert into core_lu_Defensive_Values (guid_CR, AC, minimum_HP, maximum_HP) VALUES ('584e036f-f640-4e76-937a-57fb7c9aad41', 13, 71, 85)
;insert into core_lu_Defensive_Values (guid_CR, AC, minimum_HP, maximum_HP) VALUES ('4fbabffc-b152-43cc-b361-5b03cb53c60d', 19, 581, 625)
;insert into core_lu_Defensive_Values (guid_CR, AC, minimum_HP, maximum_HP) VALUES ('902e442e-5ac7-411a-9f77-6b8a12e58cdf', 19, 341, 355)
;insert into core_lu_Defensive_Values (guid_CR, AC, minimum_HP, maximum_HP) VALUES ('7a06f521-598d-4736-9c7f-6e4d87c77a05', 13, 50, 70)
;insert into core_lu_Defensive_Values (guid_CR, AC, minimum_HP, maximum_HP) VALUES ('8caf6098-94d8-4d25-a19f-6edc5131d168', 18, 266, 280)
;insert into core_lu_Defensive_Values (guid_CR, AC, minimum_HP, maximum_HP) VALUES ('27de4a7f-8762-41d8-b6b9-6f1f1902de74', 19, 401, 445)
;insert into core_lu_Defensive_Values (guid_CR, AC, minimum_HP, maximum_HP) VALUES ('9bc8da1e-a396-46ae-8884-758b0676c05a', 18, 281, 295)
;insert into core_lu_Defensive_Values (guid_CR, AC, minimum_HP, maximum_HP) VALUES ('ce7a5f69-a0fa-4bc0-9568-7aee7cfa0cc4', 16, 191, 205)
;insert into core_lu_Defensive_Values (guid_CR, AC, minimum_HP, maximum_HP) VALUES ('5c50c90f-1fc0-4c89-85b6-7e5890c42d2a', 19, 761, 805)
;insert into core_lu_Defensive_Values (guid_CR, AC, minimum_HP, maximum_HP) VALUES ('2bd93716-3342-4160-891f-8cdbebdf885e', 19, 491, 535)
;insert into core_lu_Defensive_Values (guid_CR, AC, minimum_HP, maximum_HP) VALUES ('c1926a33-4e10-4eee-b4f5-9e186e9b6cc8', 15, 146, 160)
;insert into core_lu_Defensive_Values (guid_CR, AC, minimum_HP, maximum_HP) VALUES ('22e2f0ce-c357-4d4f-8668-bf4d85b3369c', 19, 446, 490)
;insert into core_lu_Defensive_Values (guid_CR, AC, minimum_HP, maximum_HP) VALUES ('641fa88c-f7b3-4822-9136-d174b155e193', 15, 131, 145)
;insert into core_lu_Defensive_Values (guid_CR, AC, minimum_HP, maximum_HP) VALUES ('12a0ccf5-11c7-44f4-a44f-e7729ee11bba', 15, 161, 175)
;insert into core_lu_Defensive_Values (guid_CR, AC, minimum_HP, maximum_HP) VALUES ('54d4a58f-d22d-4c49-b16c-f40979f55207', 18, 251, 265)
;insert into core_lu_Defensive_Values (guid_CR, AC, minimum_HP, maximum_HP) VALUES ('7205de9d-e02b-4c83-bbc0-f6ede21434f6', 13, 101, 115)
;insert into core_lu_Defensive_Values (guid_CR, AC, minimum_HP, maximum_HP) VALUES ('864ed2cf-5aea-45a7-add2-f7228ea1e3f3', 17, 236, 250)
;insert into core_lu_Defensive_Values (guid_CR, AC, minimum_HP, maximum_HP) VALUES ('2a7b6a97-4784-452f-936e-ff44d2cbc3ba', 13, 36, 49)
;insert into core_lu_Offensive_Values (guid_CR, attack_bonus, save_DC, minimum_damage, maximum_damage) VALUES ('6798d7f1-d779-437c-9c99-000031c5d30c', 3, 13, 15, 20)
;insert into core_lu_Offensive_Values (guid_CR, attack_bonus, save_DC, minimum_damage, maximum_damage) VALUES ('f6d26cd6-f212-452b-a6f4-033cd3525d49', 12, 21, 195, 212)
;insert into core_lu_Offensive_Values (guid_CR, attack_bonus, save_DC, minimum_damage, maximum_damage) VALUES ('8bb60024-59fa-46e0-921e-05f60dd26cdb', 14, 23, 303, 320)
;insert into core_lu_Offensive_Values (guid_CR, attack_bonus, save_DC, minimum_damage, maximum_damage) VALUES ('b5f9abae-8b6e-43d0-b3c1-08b23907121a', 5, 14, 27, 32)
;insert into core_lu_Offensive_Values (guid_CR, attack_bonus, save_DC, minimum_damage, maximum_damage) VALUES ('d8e93c9d-4553-4ce1-b30b-14c5822e4b22', 9, 18, 99, 4)
;insert into core_lu_Offensive_Values (guid_CR, attack_bonus, save_DC, minimum_damage, maximum_damage) VALUES ('b997bbc4-0aed-4a32-acab-166134369f47', 13, 22, 249, 266)
;insert into core_lu_Offensive_Values (guid_CR, attack_bonus, save_DC, minimum_damage, maximum_damage) VALUES ('ac3179be-938e-4819-9098-2106abdbb429', 10, 19, 111, 116)
;insert into core_lu_Offensive_Values (guid_CR, attack_bonus, save_DC, minimum_damage, maximum_damage) VALUES ('e45b322e-a694-43a0-a42d-210b2fcf05f7', 3, 13, 0, 1)
;insert into core_lu_Offensive_Values (guid_CR, attack_bonus, save_DC, minimum_damage, maximum_damage) VALUES ('7faff7cc-8691-4b27-ae01-2606bafba93f', 8, 17, 69, 74)
;insert into core_lu_Offensive_Values (guid_CR, attack_bonus, save_DC, minimum_damage, maximum_damage) VALUES ('e58ab5bd-f7be-4989-bfd0-26840cf218f7', 10, 19, 123, 140)
;insert into core_lu_Offensive_Values (guid_CR, attack_bonus, save_DC, minimum_damage, maximum_damage) VALUES ('c5a8e3ba-b773-4ed2-ae74-27bdb5b3e0c0', 7, 17, 63, 68)
;insert into core_lu_Offensive_Values (guid_CR, attack_bonus, save_DC, minimum_damage, maximum_damage) VALUES ('a0e4ee68-87f0-433c-bfa6-2c834b382119', 12, 21, 231, 248)
;insert into core_lu_Offensive_Values (guid_CR, attack_bonus, save_DC, minimum_damage, maximum_damage) VALUES ('9c3c55bc-5044-46e4-9bc4-3d2ebe317430', 10, 19, 105, 110)
;insert into core_lu_Offensive_Values (guid_CR, attack_bonus, save_DC, minimum_damage, maximum_damage) VALUES ('6558423c-eb07-48dc-a694-3efdc36be41d', 13, 22, 267, 284)
;insert into core_lu_Offensive_Values (guid_CR, attack_bonus, save_DC, minimum_damage, maximum_damage) VALUES ('32a77e7d-ade9-4461-8941-421809e379fc', 3, 13, 2, 3)
;insert into core_lu_Offensive_Values (guid_CR, attack_bonus, save_DC, minimum_damage, maximum_damage) VALUES ('fa7e2c4d-5fc6-41c1-83f6-442c7282950b', 7, 16, 51, 56)
;insert into core_lu_Offensive_Values (guid_CR, attack_bonus, save_DC, minimum_damage, maximum_damage) VALUES ('584e036f-f640-4e76-937a-57fb7c9aad41', 3, 13, 9, 14)
;insert into core_lu_Offensive_Values (guid_CR, attack_bonus, save_DC, minimum_damage, maximum_damage) VALUES ('4fbabffc-b152-43cc-b361-5b03cb53c60d', 12, 21, 213, 230)
;insert into core_lu_Offensive_Values (guid_CR, attack_bonus, save_DC, minimum_damage, maximum_damage) VALUES ('902e442e-5ac7-411a-9f77-6b8a12e58cdf', 10, 19, 117, 122)
;insert into core_lu_Offensive_Values (guid_CR, attack_bonus, save_DC, minimum_damage, maximum_damage) VALUES ('7a06f521-598d-4736-9c7f-6e4d87c77a05', 3, 13, 6, 8)
;insert into core_lu_Offensive_Values (guid_CR, attack_bonus, save_DC, minimum_damage, maximum_damage) VALUES ('8caf6098-94d8-4d25-a19f-6edc5131d168', 8, 18, 87, 92)
;insert into core_lu_Offensive_Values (guid_CR, attack_bonus, save_DC, minimum_damage, maximum_damage) VALUES ('27de4a7f-8762-41d8-b6b9-6f1f1902de74', 11, 20, 141, 158)
;insert into core_lu_Offensive_Values (guid_CR, attack_bonus, save_DC, minimum_damage, maximum_damage) VALUES ('9bc8da1e-a396-46ae-8884-758b0676c05a', 8, 18, 93, 98)
;insert into core_lu_Offensive_Values (guid_CR, attack_bonus, save_DC, minimum_damage, maximum_damage) VALUES ('ce7a5f69-a0fa-4bc0-9568-7aee7cfa0cc4', 7, 16, 57, 62)
;insert into core_lu_Offensive_Values (guid_CR, attack_bonus, save_DC, minimum_damage, maximum_damage) VALUES ('5c50c90f-1fc0-4c89-85b6-7e5890c42d2a', 13, 22, 285, 302)
;insert into core_lu_Offensive_Values (guid_CR, attack_bonus, save_DC, minimum_damage, maximum_damage) VALUES ('2bd93716-3342-4160-891f-8cdbebdf885e', 11, 20, 177, 194)
;insert into core_lu_Offensive_Values (guid_CR, attack_bonus, save_DC, minimum_damage, maximum_damage) VALUES ('c1926a33-4e10-4eee-b4f5-9e186e9b6cc8', 6, 15, 39, 44)
;insert into core_lu_Offensive_Values (guid_CR, attack_bonus, save_DC, minimum_damage, maximum_damage) VALUES ('22e2f0ce-c357-4d4f-8668-bf4d85b3369c', 11, 20, 159, 176)
;insert into core_lu_Offensive_Values (guid_CR, attack_bonus, save_DC, minimum_damage, maximum_damage) VALUES ('641fa88c-f7b3-4822-9136-d174b155e193', 6, 15, 33, 38)
;insert into core_lu_Offensive_Values (guid_CR, attack_bonus, save_DC, minimum_damage, maximum_damage) VALUES ('12a0ccf5-11c7-44f4-a44f-e7729ee11bba', 6, 15, 45, 50)
;insert into core_lu_Offensive_Values (guid_CR, attack_bonus, save_DC, minimum_damage, maximum_damage) VALUES ('54d4a58f-d22d-4c49-b16c-f40979f55207', 8, 18, 81, 86)
;insert into core_lu_Offensive_Values (guid_CR, attack_bonus, save_DC, minimum_damage, maximum_damage) VALUES ('7205de9d-e02b-4c83-bbc0-f6ede21434f6', 4, 13, 21, 26)
;insert into core_lu_Offensive_Values (guid_CR, attack_bonus, save_DC, minimum_damage, maximum_damage) VALUES ('864ed2cf-5aea-45a7-add2-f7228ea1e3f3', 8, 17, 75, 80)
;insert into core_lu_Offensive_Values (guid_CR, attack_bonus, save_DC, minimum_damage, maximum_damage) VALUES ('2a7b6a97-4784-452f-936e-ff44d2cbc3ba', 3, 13, 4, 5)

;insert into feature_lu_Feature (guid_feature, name_Feature, stat_modifier, description_Feature) VALUES ('30f9a521-8284-4c02-b841-0317e53061f3', 'Spellcasting', 'It''s complicated', 'Varies')
;insert into feature_lu_Feature (guid_feature, name_Feature, stat_modifier, description_Feature) VALUES ('9afb16b6-9cdf-4153-909b-077ac8190d2f', 'Elemental Body', 'Increase the monster''s effective per-round damage by the amount noted in the trait', 'A creature that touchers the monster or hits it with a melee attack while within 5 feet of it takes damage.')
;insert into feature_lu_Feature (guid_feature, name_Feature, stat_modifier, description_Feature) VALUES ('9f48748c-5e52-4c41-875e-0a2f635f6e94', 'Standing Leap', '', 'The monster''s long jump is up to 20 feet and its high jump is up to 10 feet, with or without a running start.')
;insert into feature_lu_Feature (guid_feature, name_Feature, stat_modifier, description_Feature) VALUES ('05be75ff-2ca1-4985-a6a2-14499ff3fa8f', 'Change Shape ', '', 'The monster magically polymorphs into a humanoid or beast that has a challenge rating no higher than its own, or back into its true form. It reverts to its true form if it dies. Any equipment it is wearing or carrying is absorbed or borne by the new form (the monster''s choice). In a new form, the monster retains its alignment, hit points, Hit Dice, ability to speak, proficiencies, Legendary Resistance (if any), lair actions (if any), and Intelligence, Wisdom, and Charisma scores, as well as this action. Its statistics and capabilities are otherwise replaced by those of the new form, except any class features or legendary actions of that form.')
;insert into feature_lu_Feature (guid_feature, name_Feature, stat_modifier, description_Feature) VALUES ('2e0c7794-4152-4fb3-a26b-1ea70114fdf9', 'Innate Spellcasting', 'It''s complicated', 'Varies')
;insert into feature_lu_Feature (guid_feature, name_Feature, stat_modifier, description_Feature) VALUES ('e9acc141-9a59-40db-b2f8-1fab7334e1e0', 'Otherworldly Perception', '', 'The monster can sense the presence of any creature within 30 feet of it that is invisible or on the Ethereal Plane. It can pinpoint such a creature that is moving. ')
;insert into feature_lu_Feature (guid_feature, name_Feature, stat_modifier, description_Feature) VALUES ('a829c160-0287-4853-9734-22831a64fe05', 'Web Sense', '', 'While in contact with a web, the monster knows the exact location of any other creature in contact with the same web.')
;insert into feature_lu_Feature (guid_feature, name_Feature, stat_modifier, description_Feature) VALUES ('0915b940-766a-4a50-a1d6-23e1e09e71de', 'Tunneler', '', 'The monster can burrow through solid rock at half its burrowing speed and leaves a tunnel in its wake.')
;insert into feature_lu_Feature (guid_feature, name_Feature, stat_modifier, description_Feature) VALUES ('53fb9601-75cc-4736-bf3a-28db6d0fc8cc', 'Rejuvenation', '', 'If it has a phylactery, the destroyed monster gains a new body in 1d10 days, regaining all its hit points and becoming active again . The new body appears within 5 feet of the phylactery.')
;insert into feature_lu_Feature (guid_feature, name_Feature, stat_modifier, description_Feature) VALUES ('95867524-4693-4a21-a40b-29016278ba47', 'Devil Sight', '', 'Magical darkness doesn''t impede the darkvision .')
;insert into feature_lu_Feature (guid_feature, name_Feature, stat_modifier, description_Feature) VALUES ('b1a47bb5-28e9-4445-af10-2905afd563b1', 'Avoidance', 'Increase the monster''s effective AC by 1', 'If the monster is subjected to an effect that allows it to make a saving throw to take only half damage, it instead takes no damage if it succeeds on the saving throw, and only half damage if it fails.')
;insert into feature_lu_Feature (guid_feature, name_Feature, stat_modifier, description_Feature) VALUES ('8d8df994-c416-46ed-b379-2d37bec7692a', 'Shadow Stealth', 'Incrase the monster''s effective AC by 4', 'While in dim light or darkness, the monster can take the Hide action as a bonus action.')
;insert into feature_lu_Feature (guid_feature, name_Feature, stat_modifier, description_Feature) VALUES ('dd08fff3-a64f-4275-9dd4-2de7ddc12032', 'Incorporeal Movement', '', 'The monster can move through other creatures and objects as if they were difficult terrain. It takes 5 (1d10) force damage if it ends its turn inside an object.')
;insert into feature_lu_Feature (guid_feature, name_Feature, stat_modifier, description_Feature) VALUES ('3d225974-3a90-4886-bf48-2e1b77c6279b', 'Parry', 'Increase the monster''s effective AC by 1', 'The monster adds 6 to its AC against one melee attack that would hit it. To do so, the monster must see the attacker and be wield ing a melee weapon.')
;insert into feature_lu_Feature (guid_feature, name_Feature, stat_modifier, description_Feature) VALUES ('dee3c8aa-ebc5-4c1e-90f5-32997fab4a3e', 'Magic Resistance', 'Increase the monster''s effective AC by 2', 'The monster has advantage on saving throws against spells and other magical effects.')
;insert into feature_lu_Feature (guid_feature, name_Feature, stat_modifier, description_Feature) VALUES ('a9e63834-7fd5-4f30-aee5-3630971b32c2', 'Grappler', '', 'The monster has advantage on attack rolls against any creature grappled by it.')
;insert into feature_lu_Feature (guid_feature, name_Feature, stat_modifier, description_Feature) VALUES ('ef601ddf-5f61-4ca6-9f0e-379d62e6e34f', 'Illusory Appearance', '', 'The monster covers itself and anything it is wearing or carrying with a magical illusion that makes her look like another creature of its general size and humanoid shape. The illusion ends if the hag takes a bonus action to end it or if it dies. The changes wrought by this effect fail to hold up to physical inspection. For example, the monster could appear to have smooth skin, but someone touching it would feel its rough flesh. Otherwise, a creature must take an action to visually inspect the illusion and succeed on a DC 20 Intelligence (Investigation) check to discern that the monster is disguised.')
;insert into feature_lu_Feature (guid_feature, name_Feature, stat_modifier, description_Feature) VALUES ('dac1b195-5610-4dd0-90b9-3bfcc211dfb5', 'Charge', 'Increase the monster''s damage on one attack by the amount noted in the trait', 'If the monster moves at least 30 feet straight toward a target and then hits it with a weapon attack on the same turn, the target takes an extra amount of damage.')
;insert into feature_lu_Feature (guid_feature, name_Feature, stat_modifier, description_Feature) VALUES ('aa11d1bb-5086-4d27-90da-3ce6080249e8', 'Keen Senses', '', 'The monster has advantage on Wisdom (Perception) checks that rely on the chosen sense.')
;insert into feature_lu_Feature (guid_feature, name_Feature, stat_modifier, description_Feature) VALUES ('8fe76edc-d704-4d65-aaf5-3d1138505a1d', 'Blood Frenzy', 'Increase the monster''s effective attack bonus by 4', 'The monster has advantage on melee attack rolls against any creature that doesn''t have all its hit points.')
;insert into feature_lu_Feature (guid_feature, name_Feature, stat_modifier, description_Feature) VALUES ('77b29aac-f4e4-49d1-8d61-3e7ee20e052f', 'Terrain Camouflage', '', 'The monster has advantage on Dexterity (Stealth) checks made to hide in native terrain.')
;insert into feature_lu_Feature (guid_feature, name_Feature, stat_modifier, description_Feature) VALUES ('e4da0ca8-31fd-4279-8436-3ea5442a5a14', 'Antimagic Susceptibility', '', 'The monster is incapacitated while in the area of an anti-magic field. If targeted by dispel magic, the monster must succeed on a Constitution saving throw against the caster''s spell save DC or fall unconscious for 1 minute.')
;insert into feature_lu_Feature (guid_feature, name_Feature, stat_modifier, description_Feature) VALUES ('53c75262-a6ea-4071-8e4f-3efe7c92c750', 'Web', 'Increase the monster''s effective AC by 1', 'Recharge 5-6. Ranged Weapon Attack: +5 to hit, range 30 ft. to 60 ft., one creature. Hit: The target is restrained by webbing. As an action, the restrained target can make a Strength check, bursting the webbing on a success. The webbing can also be attacked and destroyed (AC 10; hp 5; vulnerability to fire damage; immunity to bludgeoning, poison, and psychic damage).')
;insert into feature_lu_Feature (guid_feature, name_Feature, stat_modifier, description_Feature) VALUES ('cfff9e9d-4816-4edc-a2d2-3f3cec7d4196', 'Reactive ', '', 'The monster can take one reaction on every turn in a combat.')
;insert into feature_lu_Feature (guid_feature, name_Feature, stat_modifier, description_Feature) VALUES ('41670e84-80eb-46c7-864a-44da8b87cc24', 'Constrict', 'Increase the monster''s effective AC by 1', 'Melee weapon attack, reach 5 ft., one creature the same size or smaller as the monster. The target is grappled if the monster isn''t already constricting a creature, and the target is restrained until this grapple ends.')
;insert into feature_lu_Feature (guid_feature, name_Feature, stat_modifier, description_Feature) VALUES ('0a29f9dc-4b01-4902-8735-45701246a2d5', 'Life Drain', '', 'The target must succeed on a Constitution saving throw or its hit point maximum is reduced by an amount equal to the damage taken. This reduction lasts until the target finishes a long rest. The target dies if this effect reduces its hit point maximum to 0. A humanoid slain by this attack rises 24 hours later as a zombie under the monster''s control, unless the humanoid is restored to life or its body is destroyed. The monster can have no more than twelve zombies under its control at one time.')
;insert into feature_lu_Feature (guid_feature, name_Feature, stat_modifier, description_Feature) VALUES ('8e767ae1-2d4c-496b-b34d-465957ad2d16', 'Relentless', 'Increase the monster''s effective hit points based on the expected challenge rating: 1-4, 7 hp; 5-10, 14 hp; 11-16, 21 hp; 17 or higher, 28 hp', 'If the monster takes 14 damage or less that would reduce it to 0 hit points, it is reduced to 1 hit point instead.')
;insert into feature_lu_Feature (guid_feature, name_Feature, stat_modifier, description_Feature) VALUES ('05752c2d-a1b4-4fa5-a8b5-47331efcaaff', 'Siege Monster', '', 'The monster deals double damage to objects and structures.')
;insert into feature_lu_Feature (guid_feature, name_Feature, stat_modifier, description_Feature) VALUES ('692e456a-ea87-4e32-abd9-4872580dcc7f', 'Legendary Resistance', 'Each per-day use of this trait increases the monster''s effective hit points based on the expected challenge rating: 1-4, 10 hp; 5-10, 20 hp; 11 or higher, 30 hp', 'If the monster fails a saving throw, it can choose to succeed instead.')
;insert into feature_lu_Feature (guid_feature, name_Feature, stat_modifier, description_Feature) VALUES ('7735f1e6-cadd-480b-909d-4a5efab4fc73', 'Breath Weapon', 'For the purpose of determining effective damage output, assume the breath weapon hits two targets and that each target fails its saving throw', 'Varies')
;insert into feature_lu_Feature (guid_feature, name_Feature, stat_modifier, description_Feature) VALUES ('ab344948-f5f7-45cd-aefc-4b52a50e74e4', 'Martial Advantage', 'Increase the effective damage of one attack per round by the amount gained from this trait', 'Once per turn, the monster can deal an extra 10 (3d6) damage to a creature it hits with a weapon attack if that creature is with in 5 feet of an ally of the monster that isn''t incapacitated.')
;insert into feature_lu_Feature (guid_feature, name_Feature, stat_modifier, description_Feature) VALUES ('4d877060-ef5c-489c-b8bc-4d9cce46672a', 'Charm', '', 'The monster targets one humanoid it can see within 30 feet of it. If the target can see the monster, the target must succeed on a Wisdom saving throw against this magic or be charmed by the monster. The charmed target regards the monster as a trusted friend to be heeded and protected. Although the target isn''t under the monster''s control, it takes the monster''s requests or actions in the most favorable way it can, and it is a willing target for some attacks. Each time the monster or the monster''s companions do anything harmful to the target, it can repeat the saving throw, ending the effect on itself on a success. Otherwise, the effect lasts 24 hours or until the monster is destroyed , is on a different plane of existence than the target, or takes a bonus action to end the effect.')
;insert into feature_lu_Feature (guid_feature, name_Feature, stat_modifier, description_Feature) VALUES ('d647388b-3ea2-43df-a3f8-50a4083475a5', 'Reckless', '', 'At the start of its turn, the monster can gain advantage on all melee weapon attack rolls it makes during that turn, but attack rolls against it have advantage until the start of its next turn.')
;insert into feature_lu_Feature (guid_feature, name_Feature, stat_modifier, description_Feature) VALUES ('6551d320-d66c-4518-aadb-522ee9ae5b05', 'Pounce', 'Increase the monster''s effective damage for 1 round by the amount it deals with the bonus action gained from this trait', 'If the monster moves at least 30 feet straight toward a creature and then hits it with a hand attack on the same turn, that target must succeed on a Strength saving throw or be knocked prone. If the target is prone, the monster can make one bite attack against it as a bonus action.')
;insert into feature_lu_Feature (guid_feature, name_Feature, stat_modifier, description_Feature) VALUES ('a03e4d67-cd3e-4dc7-874c-5660894161b7', 'Superior Invisibility', 'Increase the monster''s effective AC by 2', 'As a bonus action, the monster can magically turn invisible until its concentration ends (as if concentrating on a spell). Any equipment the monster wears or carries is invisible with it.')
;insert into feature_lu_Feature (guid_feature, name_Feature, stat_modifier, description_Feature) VALUES ('14bc11f9-12e6-4766-8d97-56adabf29264', 'Damage Transfer', 'Double the monster''s effective hit points. Add one-third of the monster''s hit points to its per-round damage', 'While attached to a creature, the monster takes only half the damage dealt to it (rounded down) and that creature takes the other half.')
;insert into feature_lu_Feature (guid_feature, name_Feature, stat_modifier, description_Feature) VALUES ('bd26b280-292e-45fa-b510-5805b737a09b', 'Fey Ancestry', '', 'The monster has advantage on saving throws against being charmed, and magic can''t put the monster to sleep')
;insert into feature_lu_Feature (guid_feature, name_Feature, stat_modifier, description_Feature) VALUES ('df21a834-ae4d-4417-89d4-5998cbd5b02f', 'Turn Resistance', '', 'The monster has advantage on saving throws against any effect that turns undead.')
;insert into feature_lu_Feature (guid_feature, name_Feature, stat_modifier, description_Feature) VALUES ('7a4f4298-a4da-4800-8c58-65d712a0476b', 'Slippery', '', 'The monster has advantage on ability checks and saving throws made to escape a grapple.')
;insert into feature_lu_Feature (guid_feature, name_Feature, stat_modifier, description_Feature) VALUES ('60e16183-52be-4174-85c3-6d28ac271e17', 'Damage Absorption', '', 'Whenever the monster is subjected to elemental or other damage, it takes no damage and instead regains a number of hit poin ts equal to the damage damage dealt')
;insert into feature_lu_Feature (guid_feature, name_Feature, stat_modifier, description_Feature) VALUES ('4b03c5c0-fc6e-4dde-a57d-6d8bd1111a1b', 'Flyby', '', 'The monster doesn''t provoke an opportunity attack when it flies out of an enemy''s reach.')
;insert into feature_lu_Feature (guid_feature, name_Feature, stat_modifier, description_Feature) VALUES ('2ef2cca7-7570-4091-9538-70519a13a7c9', 'Two Heads', '', 'The monster has advantage on Wisdom (Perception) checks and on saving throws against being blinded, charmed, deafened, frightened, stunned, and knocked unconscious.')
;insert into feature_lu_Feature (guid_feature, name_Feature, stat_modifier, description_Feature) VALUES ('ca21462d-5e3e-4e21-be3c-71812ff616c4', 'Death Burst', 'Increase the monster''s effective damage output for 1 round by the amount noted in the trait and assume it affects two creatures', 'When the monster dies, it explodes in a burst. Each creature within 10 feet of it must make a DC 11 Dexterity saving throw, taking damage on a failed save, or half as much damage on a successful one. ')
;insert into feature_lu_Feature (guid_feature, name_Feature, stat_modifier, description_Feature) VALUES ('b16f22d1-2de4-4b02-860a-727540411fd2', 'Regeneration', 'Increase the monster''s effective hit points by 3x the number of hit points the monster regenerates each round', 'The monster regains 10 hit points at the start of its turn if it has at least 1 hit point')
;insert into feature_lu_Feature (guid_feature, name_Feature, stat_modifier, description_Feature) VALUES ('52196e12-ae94-4629-be26-7305665a8e5d', 'Surprise Attack', 'Increase the monster''s effective damage for 1 round by the amount noted in the trait', 'If the monster surprises a creature and hits it with an attack during the first round of combat, the target takes extra damage from the attack.')
;insert into feature_lu_Feature (guid_feature, name_Feature, stat_modifier, description_Feature) VALUES ('45014478-4fff-4894-b31a-74c6b75d1f1a', 'Reel', '', 'The monster pulls each creature grappled by it up to 25 feet straight toward it.')
;insert into feature_lu_Feature (guid_feature, name_Feature, stat_modifier, description_Feature) VALUES ('59c09360-9d7e-4efb-9d38-775d78dbbeca', 'Blind Senses', '', 'The monster can sense without the usual equipment to do so.')
;insert into feature_lu_Feature (guid_feature, name_Feature, stat_modifier, description_Feature) VALUES ('7d8b1451-3dcc-4e70-b62c-7fa2939ec6af', 'Steadfast', '', 'The monster can''t be frightened while it can see an allied creature within 30 feet of it.')
;insert into feature_lu_Feature (guid_feature, name_Feature, stat_modifier, description_Feature) VALUES ('f8b2232e-a35e-40d3-8b74-866e0548a78d', 'Illumination', '', 'The monster emits either dim light in a 15-foot radius, or bright light in a 15-foot radius and dim light for an additionnal 15 feet. It can switch between the options as an action')
;insert into feature_lu_Feature (guid_feature, name_Feature, stat_modifier, description_Feature) VALUES ('f339534d-a4eb-4cc6-822a-87cd84940df8', 'Brute', 'Increase the monster''s effective per-round damage by the amount noted in the trait', 'A melee weapon deals one extra die of its damage when the monster hits with it.')
;insert into feature_lu_Feature (guid_feature, name_Feature, stat_modifier, description_Feature) VALUES ('a4183c7a-9266-4272-a796-89c20091f71e', 'Ambusher', 'Increase the monster''s effective attack bonus by 1', 'The monster has advantage on attack rolls against any creature it has surprised.')
;insert into feature_lu_Feature (guid_feature, name_Feature, stat_modifier, description_Feature) VALUES ('4d68fb24-bcb5-4835-9e9a-8d64edee4f28', 'Echolocation', '', 'Counts as blindsight, but the monster can''t use its blindsight while deafened.')
;insert into feature_lu_Feature (guid_feature, name_Feature, stat_modifier, description_Feature) VALUES ('a8d05a66-3ccb-46b2-8951-8f6514de2c59', 'Leadership', '', 'For 1 minute, the monster can utter a special command or warning whenever a nonhostile creature that it can see within 30 feet of it makes an attack roll or a saving throw. The creature can add a d4 to its roll provided it can hear and understand the monster. A creature can benefit from only one Leadership die at a time. This effect ends if the monster is incapacitated')
;insert into feature_lu_Feature (guid_feature, name_Feature, stat_modifier, description_Feature) VALUES ('cc9de9f3-7fab-4c5a-bbec-94022879c507', 'Redirect Attack', '', 'When a creature the monster can see targets it with an attack, the monster chooses an ally within 5 feet of it. The two monster swap places, and the chosen monster becomes the target instead.')
;insert into feature_lu_Feature (guid_feature, name_Feature, stat_modifier, description_Feature) VALUES ('67d0180f-d0fa-473b-83dc-96584cc1b787', 'Mimicry', '', 'The monster has advantage on attack rolls against any creature it has surprised.')
;insert into feature_lu_Feature (guid_feature, name_Feature, stat_modifier, description_Feature) VALUES ('b36420e4-5472-4f84-9502-98b87d7061c1', 'Undead Fortitude', 'Increase the monster''s effective hit points based on the expected challenge rating: 1-4, 7 hp; 5-10, 14 hp; 11-16, 21 hp; 17 or higher, 28 hp', 'If damage reduces the monster to 0 hit points, it must make a Constitution saving throw with a DC of 5 +the damage taken, unless the damage is radiant or from a critical hit. On a success, the monster drops to 1 hit point instead.')
;insert into feature_lu_Feature (guid_feature, name_Feature, stat_modifier, description_Feature) VALUES ('4ef3df01-0ea5-4486-9d6a-99e74f9632e2', 'Turn Immunity', '', 'The monster is immune to effects that turn undead.')
;insert into feature_lu_Feature (guid_feature, name_Feature, stat_modifier, description_Feature) VALUES ('dd3e8563-1977-4611-9609-9bc417a1d229', 'Wounded Fury', 'Increase the monster''s damager for 1 round by the amount noted in the trait', 'While it has 10 hit points or fewer, the monster has advantage on attack rolls. In addition, it deals extra damage to any target it hits with a melee attack.')
;insert into feature_lu_Feature (guid_feature, name_Feature, stat_modifier, description_Feature) VALUES ('3a2f0349-68ce-4a71-b9df-9c6298685156', 'Labyrinthine Recall', '', 'The monster can perfectly recall any path it has traveled.')
;insert into feature_lu_Feature (guid_feature, name_Feature, stat_modifier, description_Feature) VALUES ('b0687cb4-c034-4aa3-be07-9c6f677cb800', 'Chameleon Skin', '', 'The monster has advantage on Dexterity (Stealth) checks made to hide')
;insert into feature_lu_Feature (guid_feature, name_Feature, stat_modifier, description_Feature) VALUES ('2ec5fccc-7b7e-482a-9d82-9cc1bd165a19', 'Inscrutable', '', 'The monster is immune to any effect that would sense its emotions or read its thoughts, as well as any divination spell that it refuses. Wisdom (Insight) checks made to ascertain the monster''s intentions or sincerity have disadvantage.')
;insert into feature_lu_Feature (guid_feature, name_Feature, stat_modifier, description_Feature) VALUES ('75caca80-712a-4236-9ed8-9e8a7bd149d1', 'Rampage', 'Incrase the monster effective per-round damage by 2', 'When the monster reduces a creature to 0 hit points with a melee attack on its turn , the monster can take a bonus action to move up to half its speed and make a bite attack.')
;insert into feature_lu_Feature (guid_feature, name_Feature, stat_modifier, description_Feature) VALUES ('44694480-c564-41cc-8b5c-a135d0ead9dc', 'Horrifying Visage', 'Increase the monster''s effective hit points by 25% if the monster is meant to face characters of 10th level or higher', 'Each non-undead creature within 60 feet of the monster that can see her must succeed on a DC 13 Wisdom saving throw or be frightened for 1 minute. A frightened target can repeat the saving throw at the end of each of its turns, with disadvantage if the monster is within line of sight, ending the effect on itself on a success. If a target''s saving throw is successful or the effect ends for it, the target is immune to the monster''s Horrifying Visage for the next 24 hours.')
;insert into feature_lu_Feature (guid_feature, name_Feature, stat_modifier, description_Feature) VALUES ('e2a75718-ccfd-4977-9aa6-a13a844523f2', 'Nimble Escape', 'Increase the monster''s effective AC and effective attack bonus by 4 ( assuming the monster hits every round)', 'The monster can take the Disengage or Hide action as a bonus action on each of its turns.')
;insert into feature_lu_Feature (guid_feature, name_Feature, stat_modifier, description_Feature) VALUES ('d437df8b-c4f0-4e8f-a26d-a921643c8382', 'Sure-Footed', '', 'The monster has advantage on Strength and Dexterity saving throws made against effects that would knock it prone.')
;insert into feature_lu_Feature (guid_feature, name_Feature, stat_modifier, description_Feature) VALUES ('f4e738d8-1d85-4990-909b-ac68dbb4d3dd', 'Frightful Presence', 'Increase the monster''s effective hit points by 25% if the monster is meant to face characters of 10th level or higher', 'Each creature of the monster''s choice that is within 120 feet of the monster and aware of it must succeed on a DC 18 Wisdom saving throw or become frightened for 1 minute. A creature can repeat the saving throw at the end of each of its turns, ending the effect on itself on a success. If a creature''s saving throw is successful or the effect ends for it, the creature is immune to the monster''s Frightful Presence for the next 24 hours.')
;insert into feature_lu_Feature (guid_feature, name_Feature, stat_modifier, description_Feature) VALUES ('0ffb37a5-fcab-4c7c-a055-b2b000baa96e', 'Invisibility', '', 'The monster magically turns invisible until it attacks or uses offensive abilities or until its concentration ends (as if concentrating on a spell) . Any equipment the monster wears or carries is invisible with it')
;insert into feature_lu_Feature (guid_feature, name_Feature, stat_modifier, description_Feature) VALUES ('9d6b0cee-6b35-4c12-81cd-b2ca7a924c49', 'Psychic Defense', 'Apply the monster''s Wisdom modifier to its actual AC if the monsterits wearing armor or wielding a shield', 'While the monster is wearing no armor and wielding no shield , its AC includes its Wisdom modifier.')
;insert into feature_lu_Feature (guid_feature, name_Feature, stat_modifier, description_Feature) VALUES ('fd5efee9-f5f4-47be-a8f3-b781fefcc65b', 'False Appearance', '', 'While the monster remains motion less, it is indistinguishable from an inanimate statue.')
;insert into feature_lu_Feature (guid_feature, name_Feature, stat_modifier, description_Feature) VALUES ('2bcbcaaa-1fb1-466c-9105-ba55d4d35da3', 'Etherealness', '', 'The monster enters the Ethereal Plane from the Material Plane, or vice versa. It is visible on the Material Plane while it is in the Border Ethereal, and viae versa, yet it can''t affect or be affected by anything on the other plane.')
;insert into feature_lu_Feature (guid_feature, name_Feature, stat_modifier, description_Feature) VALUES ('d11940bb-c202-4625-95a8-bd37ca4b17d8', 'Possession', 'Double the monster''s effective hit points.', 'Recharge 6. One humanoid that the monster can see within 5 feet of it must succeed on a Charisma saving throw or be possessed by the monster; the monster then disappears, and the target is incapacitated and loses control of its body. The monster now controls the body but doesn''t deprive the target of awareness. The monster can''t be targeted by any attack, spell, or other effect, except ones that turn undead, and it retains its alignment, Intelligence, Wisdom, Charisma, and immunities and resistances. It otherwise uses the possessed target''s statistics, but doesn''t gain access to the target''s knowledge, class features, or proficiencies. The possession lasts until the body drops to 0 hit points, the monster ends it as a bonus action, or the monster is turned or forced out by an effect like the dispel evil and good spell. When the possession ends, the monster reappears in an unoccupied space within 5 feet of the body. The target is immune to this monster''s Possession for 24 hours after succeeding on the saving throw or after the possession ends.')
;insert into feature_lu_Feature (guid_feature, name_Feature, stat_modifier, description_Feature) VALUES ('9976567f-01c1-4a16-ae3a-c0fbe7c180de', 'Swallow ', 'Assume the monster swallows one creature and deals 2 rounds of acid damage to it', 'The monster makes one bite attack against a Medium or smaller target it is grappling. If the attack hits, the target is also swallowed, and the grapple ends. While swallowed, the target is blinded and restrained, it has total cover against attacks and other effects outside the behir, and it takes acid damage at the start of each of the monster''s turns. A monster can have only one creature swallowed at a time. If the monster takes 30 damage or more on a single turn from the swallowed creature, the monster must succeed on a Constitution saving throw at the end of that turn or regurgitate the creature, which falls prone in a space within 10 feet of the monster. If the monster dies, a swallowed creature is no longer restrained by it and can escape from the corpse by using 15 feet of movement, exiting prone.')
;insert into feature_lu_Feature (guid_feature, name_Feature, stat_modifier, description_Feature) VALUES ('adf9c94b-d914-4a8f-807d-c10cb584ad21', 'Hold Breath ', '', 'The monster can hold its breath for 15 minutes')
;insert into feature_lu_Feature (guid_feature, name_Feature, stat_modifier, description_Feature) VALUES ('bc70adbb-f678-4a5c-8a19-c31b749f84bd', 'Shapechanger', '', 'The monster can use its action to polymorph into a beast form that resembles a bat (speed 10ft. fly 40ft.), a centipede (40ft., climb 40ft.), or a toad (40ft., swi m 40ft.), or back into its true form. Its statistics are the same in each form, except for the speed changes noted. Any equipment it is wearing or carrying transforms along with it.')
;insert into feature_lu_Feature (guid_feature, name_Feature, stat_modifier, description_Feature) VALUES ('149fb57a-07a6-43bd-bd23-c77245c1a7f8', 'Read Thoughts', '', 'The monster magically reads the surface thoughts of one creature within 60 feet of it. The effect can penetrate barriers, but 3 feet of wood or dirt, 2 feet of stone, 2 inches of metal, or a thin layer of lead blocks it. While the target is in range, the monster can continue reading its thoughts, as long as the monster''s concentration isn''t broken (as if concentrating on a spell). While reading the target''s mind, the monster has advantage on Wisdom (Insight) and Charisma (Deception, Intimidation, and Persuasion) checks against the target.')
;insert into feature_lu_Feature (guid_feature, name_Feature, stat_modifier, description_Feature) VALUES ('5d87e207-2f3a-49f4-b995-ca3dd00193cf', 'Amorphous', '', 'The monster can move through a space as narrow as 1 inch wide without squeezing.')
;insert into feature_lu_Feature (guid_feature, name_Feature, stat_modifier, description_Feature) VALUES ('04889176-5ade-4562-82e2-cb65c31857fa', 'Sunlight Sensitivity', '', 'While in sunlight, the monster has disadvantage on attack rolls, as well as on Wisdom (Perception) checks that rely on sight.')
;insert into feature_lu_Feature (guid_feature, name_Feature, stat_modifier, description_Feature) VALUES ('b8c9215f-835e-40d9-8fd2-d0c829c0b8c6', 'Pack Tactics', 'Increase the monster''s effective attack bonus by 1', 'The monster has advantage on an attack roll against a creature if at least one of the monster''s allies is within 5 feet of the creature and the ally isn''t incapacitated.')
;insert into feature_lu_Feature (guid_feature, name_Feature, stat_modifier, description_Feature) VALUES ('6d3a40c1-020a-4a18-bb9a-d4afe7450e2c', 'Fiendish Blessing', 'Apply the monster''s Charisma modifier to its actual AC', 'The AC of the monster includes its Charisma bonus')
;insert into feature_lu_Feature (guid_feature, name_Feature, stat_modifier, description_Feature) VALUES ('6fc90019-918f-40da-a35d-dbb820fe10c8', 'Stench', 'Increase the monster''s effective AC by 1', 'Any creature that starts its turn within 10 feet of the monster must succeed on a Constitution saving throw or be poisoned until the start of its next turn. On a successful saving throw, the creature is immune to the monster''s stench for 24 hours')
;insert into feature_lu_Feature (guid_feature, name_Feature, stat_modifier, description_Feature) VALUES ('d68056ce-3ce5-420d-8b4c-de862e865522', 'Light Sensitivity', '', 'While in bright light, the monster has disadvantage on attack rolls, as well as on Wisdom (Perception) checks that rely on sight.')
;insert into feature_lu_Feature (guid_feature, name_Feature, stat_modifier, description_Feature) VALUES ('e60a08c9-e1ca-4bbc-9660-dee6757a8e7f', 'Web Walker', '', 'The monster ignores movement restrictions caused by webbing.')
;insert into feature_lu_Feature (guid_feature, name_Feature, stat_modifier, description_Feature) VALUES ('4951cd97-c003-4bec-9624-df41a051ad82', 'Magic Weapons', '', 'The monster''s weapons are magical')
;insert into feature_lu_Feature (guid_feature, name_Feature, stat_modifier, description_Feature) VALUES ('95810ae3-50ab-4b32-abd0-e8f5447143b7', 'Aggressive', 'Increase the monster''s effective per-round damage output by 2', 'As a bonus action, the monster can move up to its speed toward a hostile creature that it can see.')
;insert into feature_lu_Feature (guid_feature, name_Feature, stat_modifier, description_Feature) VALUES ('d95de4d6-0343-4502-aae2-e94d9c5846d3', 'Enlarge', 'Increase the monster''s effective per-round damage by the amount noted in the trait', 'Recharges after a Short or Long Rest. For 1 minute, the monster magically increases in size, along with anything it is wearing or carrying. While enlarged, the monster is Large, doubles its damage dice on Strength-based weapon attacks, and makes Strength checks and Strength saving throws with advantage. If the monster lacks the room to become Large, it attains the maximum size possible in the space available .')
;insert into feature_lu_Feature (guid_feature, name_Feature, stat_modifier, description_Feature) VALUES ('599f94ac-6f75-454e-9a66-ea8f5385825d', 'Teleport', '', 'The monster magically teleports, along with any equipment it is wearing or carrying, up to 120 feet to an unoccupied space it can see.')
;insert into feature_lu_Feature (guid_feature, name_Feature, stat_modifier, description_Feature) VALUES ('de814fa5-9616-40b8-8e1f-eb3e503aff0a', 'Immutable Form', '', 'The monster is immune to any spell or effect that would alter its form.')
;insert into feature_lu_Feature (guid_feature, name_Feature, stat_modifier, description_Feature) VALUES ('770dd8f1-e33e-4700-ad8a-ebbf0494dd6c', 'Angelic Weapons', 'Increase the monster''s effective per-round damage by the amount noted in the trait', 'The monster''s weapon attacks are magical. When the monster hits with any weapon, the weapon deals an extra amount of damage.')
;insert into feature_lu_Feature (guid_feature, name_Feature, stat_modifier, description_Feature) VALUES ('98bb740b-c6cf-4de0-9213-f45f6aff247a', 'Dive', 'Increase the monster''s effective per-round damage by the amount noted in the trait', 'If the monster is flying and dives at least 30 feet straight toward a target and then hits it with a melee weapon attack, the attack deals extra damage to the target.')
;insert into feature_lu_Feature (guid_feature, name_Feature, stat_modifier, description_Feature) VALUES ('2b6271d3-fbaa-45bf-9838-fa138e9097f5', 'Spider Climb', '', 'The monster can climb difficult surfaces, including upside down on ceilings, without needing to make an ability check.')
;insert into hp_Protection_CR_Modifier (effective_HPModifier, guid_CR, guid_Protection) VALUES (2, '6798d7f1-d779-437c-9c99-000031c5d30c', '2197b8e4-d5a4-462d-bbd1-33b29e4f9bf6')
;insert into hp_Protection_CR_Modifier (effective_HPModifier, guid_CR, guid_Protection) VALUES (2, '6798d7f1-d779-437c-9c99-000031c5d30c', '78bc70a4-f0c3-4c6a-8745-b2b054099ce8')
;insert into hp_Protection_CR_Modifier (effective_HPModifier, guid_CR, guid_Protection) VALUES (1, 'f6d26cd6-f212-452b-a6f4-033cd3525d49', '2197b8e4-d5a4-462d-bbd1-33b29e4f9bf6')
;insert into hp_Protection_CR_Modifier (effective_HPModifier, guid_CR, guid_Protection) VALUES (1.25, 'f6d26cd6-f212-452b-a6f4-033cd3525d49', '78bc70a4-f0c3-4c6a-8745-b2b054099ce8')
;insert into hp_Protection_CR_Modifier (effective_HPModifier, guid_CR, guid_Protection) VALUES (1, '8bb60024-59fa-46e0-921e-05f60dd26cdb', '2197b8e4-d5a4-462d-bbd1-33b29e4f9bf6')
;insert into hp_Protection_CR_Modifier (effective_HPModifier, guid_CR, guid_Protection) VALUES (1.25, '8bb60024-59fa-46e0-921e-05f60dd26cdb', '78bc70a4-f0c3-4c6a-8745-b2b054099ce8')
;insert into hp_Protection_CR_Modifier (effective_HPModifier, guid_CR, guid_Protection) VALUES (2, 'b5f9abae-8b6e-43d0-b3c1-08b23907121a', '2197b8e4-d5a4-462d-bbd1-33b29e4f9bf6')
;insert into hp_Protection_CR_Modifier (effective_HPModifier, guid_CR, guid_Protection) VALUES (2, 'b5f9abae-8b6e-43d0-b3c1-08b23907121a', '78bc70a4-f0c3-4c6a-8745-b2b054099ce8')
;insert into hp_Protection_CR_Modifier (effective_HPModifier, guid_CR, guid_Protection) VALUES (1.25, 'd8e93c9d-4553-4ce1-b30b-14c5822e4b22', '2197b8e4-d5a4-462d-bbd1-33b29e4f9bf6')
;insert into hp_Protection_CR_Modifier (effective_HPModifier, guid_CR, guid_Protection) VALUES (1.5, 'd8e93c9d-4553-4ce1-b30b-14c5822e4b22', '78bc70a4-f0c3-4c6a-8745-b2b054099ce8')
;insert into hp_Protection_CR_Modifier (effective_HPModifier, guid_CR, guid_Protection) VALUES (1, 'b997bbc4-0aed-4a32-acab-166134369f47', '2197b8e4-d5a4-462d-bbd1-33b29e4f9bf6')
;insert into hp_Protection_CR_Modifier (effective_HPModifier, guid_CR, guid_Protection) VALUES (1.25, 'b997bbc4-0aed-4a32-acab-166134369f47', '78bc70a4-f0c3-4c6a-8745-b2b054099ce8')
;insert into hp_Protection_CR_Modifier (effective_HPModifier, guid_CR, guid_Protection) VALUES (1, 'ac3179be-938e-4819-9098-2106abdbb429', '2197b8e4-d5a4-462d-bbd1-33b29e4f9bf6')
;insert into hp_Protection_CR_Modifier (effective_HPModifier, guid_CR, guid_Protection) VALUES (1.25, 'ac3179be-938e-4819-9098-2106abdbb429', '78bc70a4-f0c3-4c6a-8745-b2b054099ce8')
;insert into hp_Protection_CR_Modifier (effective_HPModifier, guid_CR, guid_Protection) VALUES (1.25, '7faff7cc-8691-4b27-ae01-2606bafba93f', '2197b8e4-d5a4-462d-bbd1-33b29e4f9bf6')
;insert into hp_Protection_CR_Modifier (effective_HPModifier, guid_CR, guid_Protection) VALUES (1.5, '7faff7cc-8691-4b27-ae01-2606bafba93f', '78bc70a4-f0c3-4c6a-8745-b2b054099ce8')
;insert into hp_Protection_CR_Modifier (effective_HPModifier, guid_CR, guid_Protection) VALUES (1, 'e58ab5bd-f7be-4989-bfd0-26840cf218f7', '2197b8e4-d5a4-462d-bbd1-33b29e4f9bf6')
;insert into hp_Protection_CR_Modifier (effective_HPModifier, guid_CR, guid_Protection) VALUES (1.25, 'e58ab5bd-f7be-4989-bfd0-26840cf218f7', '78bc70a4-f0c3-4c6a-8745-b2b054099ce8')
;insert into hp_Protection_CR_Modifier (effective_HPModifier, guid_CR, guid_Protection) VALUES (1.5, 'c5a8e3ba-b773-4ed2-ae74-27bdb5b3e0c0', '2197b8e4-d5a4-462d-bbd1-33b29e4f9bf6')
;insert into hp_Protection_CR_Modifier (effective_HPModifier, guid_CR, guid_Protection) VALUES (2, 'c5a8e3ba-b773-4ed2-ae74-27bdb5b3e0c0', '78bc70a4-f0c3-4c6a-8745-b2b054099ce8')
;insert into hp_Protection_CR_Modifier (effective_HPModifier, guid_CR, guid_Protection) VALUES (1, 'a0e4ee68-87f0-433c-bfa6-2c834b382119', '2197b8e4-d5a4-462d-bbd1-33b29e4f9bf6')
;insert into hp_Protection_CR_Modifier (effective_HPModifier, guid_CR, guid_Protection) VALUES (1.25, 'a0e4ee68-87f0-433c-bfa6-2c834b382119', '78bc70a4-f0c3-4c6a-8745-b2b054099ce8')
;insert into hp_Protection_CR_Modifier (effective_HPModifier, guid_CR, guid_Protection) VALUES (1, '9c3c55bc-5044-46e4-9bc4-3d2ebe317430', '2197b8e4-d5a4-462d-bbd1-33b29e4f9bf6')
;insert into hp_Protection_CR_Modifier (effective_HPModifier, guid_CR, guid_Protection) VALUES (1.25, '9c3c55bc-5044-46e4-9bc4-3d2ebe317430', '78bc70a4-f0c3-4c6a-8745-b2b054099ce8')
;insert into hp_Protection_CR_Modifier (effective_HPModifier, guid_CR, guid_Protection) VALUES (1, '6558423c-eb07-48dc-a694-3efdc36be41d', '2197b8e4-d5a4-462d-bbd1-33b29e4f9bf6')
;insert into hp_Protection_CR_Modifier (effective_HPModifier, guid_CR, guid_Protection) VALUES (1.25, '6558423c-eb07-48dc-a694-3efdc36be41d', '78bc70a4-f0c3-4c6a-8745-b2b054099ce8')
;insert into hp_Protection_CR_Modifier (effective_HPModifier, guid_CR, guid_Protection) VALUES (2, '32a77e7d-ade9-4461-8941-421809e379fc', '2197b8e4-d5a4-462d-bbd1-33b29e4f9bf6')
;insert into hp_Protection_CR_Modifier (effective_HPModifier, guid_CR, guid_Protection) VALUES (2, '32a77e7d-ade9-4461-8941-421809e379fc', '78bc70a4-f0c3-4c6a-8745-b2b054099ce8')
;insert into hp_Protection_CR_Modifier (effective_HPModifier, guid_CR, guid_Protection) VALUES (1.5, 'fa7e2c4d-5fc6-41c1-83f6-442c7282950b', '2197b8e4-d5a4-462d-bbd1-33b29e4f9bf6')
;insert into hp_Protection_CR_Modifier (effective_HPModifier, guid_CR, guid_Protection) VALUES (2, 'fa7e2c4d-5fc6-41c1-83f6-442c7282950b', '78bc70a4-f0c3-4c6a-8745-b2b054099ce8')
;insert into hp_Protection_CR_Modifier (effective_HPModifier, guid_CR, guid_Protection) VALUES (2, '584e036f-f640-4e76-937a-57fb7c9aad41', '2197b8e4-d5a4-462d-bbd1-33b29e4f9bf6')
;insert into hp_Protection_CR_Modifier (effective_HPModifier, guid_CR, guid_Protection) VALUES (2, '584e036f-f640-4e76-937a-57fb7c9aad41', '78bc70a4-f0c3-4c6a-8745-b2b054099ce8')
;insert into hp_Protection_CR_Modifier (effective_HPModifier, guid_CR, guid_Protection) VALUES (1, '4fbabffc-b152-43cc-b361-5b03cb53c60d', '2197b8e4-d5a4-462d-bbd1-33b29e4f9bf6')
;insert into hp_Protection_CR_Modifier (effective_HPModifier, guid_CR, guid_Protection) VALUES (1.25, '4fbabffc-b152-43cc-b361-5b03cb53c60d', '78bc70a4-f0c3-4c6a-8745-b2b054099ce8')
;insert into hp_Protection_CR_Modifier (effective_HPModifier, guid_CR, guid_Protection) VALUES (1, '902e442e-5ac7-411a-9f77-6b8a12e58cdf', '2197b8e4-d5a4-462d-bbd1-33b29e4f9bf6')
;insert into hp_Protection_CR_Modifier (effective_HPModifier, guid_CR, guid_Protection) VALUES (1.25, '902e442e-5ac7-411a-9f77-6b8a12e58cdf', '78bc70a4-f0c3-4c6a-8745-b2b054099ce8')
;insert into hp_Protection_CR_Modifier (effective_HPModifier, guid_CR, guid_Protection) VALUES (2, '7a06f521-598d-4736-9c7f-6e4d87c77a05', '2197b8e4-d5a4-462d-bbd1-33b29e4f9bf6')
;insert into hp_Protection_CR_Modifier (effective_HPModifier, guid_CR, guid_Protection) VALUES (2, '7a06f521-598d-4736-9c7f-6e4d87c77a05', '78bc70a4-f0c3-4c6a-8745-b2b054099ce8')
;insert into hp_Protection_CR_Modifier (effective_HPModifier, guid_CR, guid_Protection) VALUES (1.25, '8caf6098-94d8-4d25-a19f-6edc5131d168', '2197b8e4-d5a4-462d-bbd1-33b29e4f9bf6')
;insert into hp_Protection_CR_Modifier (effective_HPModifier, guid_CR, guid_Protection) VALUES (1.5, '8caf6098-94d8-4d25-a19f-6edc5131d168', '78bc70a4-f0c3-4c6a-8745-b2b054099ce8')
;insert into hp_Protection_CR_Modifier (effective_HPModifier, guid_CR, guid_Protection) VALUES (1, '27de4a7f-8762-41d8-b6b9-6f1f1902de74', '2197b8e4-d5a4-462d-bbd1-33b29e4f9bf6')
;insert into hp_Protection_CR_Modifier (effective_HPModifier, guid_CR, guid_Protection) VALUES (1.25, '27de4a7f-8762-41d8-b6b9-6f1f1902de74', '78bc70a4-f0c3-4c6a-8745-b2b054099ce8')
;insert into hp_Protection_CR_Modifier (effective_HPModifier, guid_CR, guid_Protection) VALUES (1.25, '9bc8da1e-a396-46ae-8884-758b0676c05a', '2197b8e4-d5a4-462d-bbd1-33b29e4f9bf6')
;insert into hp_Protection_CR_Modifier (effective_HPModifier, guid_CR, guid_Protection) VALUES (1.5, '9bc8da1e-a396-46ae-8884-758b0676c05a', '78bc70a4-f0c3-4c6a-8745-b2b054099ce8')
;insert into hp_Protection_CR_Modifier (effective_HPModifier, guid_CR, guid_Protection) VALUES (1.5, 'ce7a5f69-a0fa-4bc0-9568-7aee7cfa0cc4', '2197b8e4-d5a4-462d-bbd1-33b29e4f9bf6')
;insert into hp_Protection_CR_Modifier (effective_HPModifier, guid_CR, guid_Protection) VALUES (2, 'ce7a5f69-a0fa-4bc0-9568-7aee7cfa0cc4', '78bc70a4-f0c3-4c6a-8745-b2b054099ce8')
;insert into hp_Protection_CR_Modifier (effective_HPModifier, guid_CR, guid_Protection) VALUES (1, '5c50c90f-1fc0-4c89-85b6-7e5890c42d2a', '2197b8e4-d5a4-462d-bbd1-33b29e4f9bf6')
;insert into hp_Protection_CR_Modifier (effective_HPModifier, guid_CR, guid_Protection) VALUES (1.25, '5c50c90f-1fc0-4c89-85b6-7e5890c42d2a', '78bc70a4-f0c3-4c6a-8745-b2b054099ce8')
;insert into hp_Protection_CR_Modifier (effective_HPModifier, guid_CR, guid_Protection) VALUES (1, '2bd93716-3342-4160-891f-8cdbebdf885e', '2197b8e4-d5a4-462d-bbd1-33b29e4f9bf6')
;insert into hp_Protection_CR_Modifier (effective_HPModifier, guid_CR, guid_Protection) VALUES (1.25, '2bd93716-3342-4160-891f-8cdbebdf885e', '78bc70a4-f0c3-4c6a-8745-b2b054099ce8')
;insert into hp_Protection_CR_Modifier (effective_HPModifier, guid_CR, guid_Protection) VALUES (1.5, 'c1926a33-4e10-4eee-b4f5-9e186e9b6cc8', '2197b8e4-d5a4-462d-bbd1-33b29e4f9bf6')
;insert into hp_Protection_CR_Modifier (effective_HPModifier, guid_CR, guid_Protection) VALUES (2, 'c1926a33-4e10-4eee-b4f5-9e186e9b6cc8', '78bc70a4-f0c3-4c6a-8745-b2b054099ce8')
;insert into hp_Protection_CR_Modifier (effective_HPModifier, guid_CR, guid_Protection) VALUES (1, '22e2f0ce-c357-4d4f-8668-bf4d85b3369c', '2197b8e4-d5a4-462d-bbd1-33b29e4f9bf6')
;insert into hp_Protection_CR_Modifier (effective_HPModifier, guid_CR, guid_Protection) VALUES (1.25, '22e2f0ce-c357-4d4f-8668-bf4d85b3369c', '78bc70a4-f0c3-4c6a-8745-b2b054099ce8')
;insert into hp_Protection_CR_Modifier (effective_HPModifier, guid_CR, guid_Protection) VALUES (1.5, '641fa88c-f7b3-4822-9136-d174b155e193', '2197b8e4-d5a4-462d-bbd1-33b29e4f9bf6')
;insert into hp_Protection_CR_Modifier (effective_HPModifier, guid_CR, guid_Protection) VALUES (2, '641fa88c-f7b3-4822-9136-d174b155e193', '78bc70a4-f0c3-4c6a-8745-b2b054099ce8')
;insert into hp_Protection_CR_Modifier (effective_HPModifier, guid_CR, guid_Protection) VALUES (1.5, '12a0ccf5-11c7-44f4-a44f-e7729ee11bba', '2197b8e4-d5a4-462d-bbd1-33b29e4f9bf6')
;insert into hp_Protection_CR_Modifier (effective_HPModifier, guid_CR, guid_Protection) VALUES (2, '12a0ccf5-11c7-44f4-a44f-e7729ee11bba', '78bc70a4-f0c3-4c6a-8745-b2b054099ce8')
;insert into hp_Protection_CR_Modifier (effective_HPModifier, guid_CR, guid_Protection) VALUES (1.25, '54d4a58f-d22d-4c49-b16c-f40979f55207', '2197b8e4-d5a4-462d-bbd1-33b29e4f9bf6')
;insert into hp_Protection_CR_Modifier (effective_HPModifier, guid_CR, guid_Protection) VALUES (1.5, '54d4a58f-d22d-4c49-b16c-f40979f55207', '78bc70a4-f0c3-4c6a-8745-b2b054099ce8')
;insert into hp_Protection_CR_Modifier (effective_HPModifier, guid_CR, guid_Protection) VALUES (2, '7205de9d-e02b-4c83-bbc0-f6ede21434f6', '2197b8e4-d5a4-462d-bbd1-33b29e4f9bf6')
;insert into hp_Protection_CR_Modifier (effective_HPModifier, guid_CR, guid_Protection) VALUES (2, '7205de9d-e02b-4c83-bbc0-f6ede21434f6', '78bc70a4-f0c3-4c6a-8745-b2b054099ce8')
;insert into hp_Protection_CR_Modifier (effective_HPModifier, guid_CR, guid_Protection) VALUES (1.25, '864ed2cf-5aea-45a7-add2-f7228ea1e3f3', '2197b8e4-d5a4-462d-bbd1-33b29e4f9bf6')
;insert into hp_Protection_CR_Modifier (effective_HPModifier, guid_CR, guid_Protection) VALUES (1.5, '864ed2cf-5aea-45a7-add2-f7228ea1e3f3', '78bc70a4-f0c3-4c6a-8745-b2b054099ce8')
;insert into hp_Protection_CR_Modifier (effective_HPModifier, guid_CR, guid_Protection) VALUES (2, '2a7b6a97-4784-452f-936e-ff44d2cbc3ba', '2197b8e4-d5a4-462d-bbd1-33b29e4f9bf6')
;insert into hp_Protection_CR_Modifier (effective_HPModifier, guid_CR, guid_Protection) VALUES (2, '2a7b6a97-4784-452f-936e-ff44d2cbc3ba', '78bc70a4-f0c3-4c6a-8745-b2b054099ce8')
;insert into mon_lu_Goodness (guid_Goodness, name_Morality) VALUES ('50cc979c-1442-4938-8e35-2ec30adde6b4', 'Neutral')
;insert into mon_lu_Goodness (guid_Goodness, name_Morality) VALUES ('800eb61f-dde0-495f-bc95-d334328d1a82', 'Evil')
;insert into mon_lu_Goodness (guid_Goodness, name_Morality) VALUES ('8c71e0af-ba6a-4cd2-8769-f9288233252a', 'Good')
;insert into mon_lu_Lawfulness (guid_Lawfulness, name_Lawfulness) VALUES ('464e7a1f-f891-4816-9924-0eba5980e544', 'Lawful')
;insert into mon_lu_Lawfulness (guid_Lawfulness, name_Lawfulness) VALUES ('b55bfef1-aa91-42a1-86fe-6ede3a698a85', 'Neutral')
;insert into mon_lu_Lawfulness (guid_Lawfulness, name_Lawfulness) VALUES ('d0f4ae17-7ae8-4ca7-9226-7096b3f63110', 'Chaotic')
;insert into mon_lu_Type (guid_Type, name_Type) VALUES ('68b1298e-1aab-43ec-aeb9-0ca086735378', 'Humanoid')
;insert into mon_lu_Type (guid_Type, name_Type) VALUES ('c35a5d91-705e-4454-a4a1-1cd9d2fc49e2', 'Elemental')
;insert into mon_lu_Type (guid_Type, name_Type) VALUES ('0f2028ab-892e-42c4-b1e6-232ce584ac88', 'Aberration')
;insert into mon_lu_Type (guid_Type, name_Type) VALUES ('edb50140-b3f7-4ee9-9219-43b23e027b38', 'Giant')
;insert into mon_lu_Type (guid_Type, name_Type) VALUES ('102e0311-6789-44b5-9540-682c3fe23f7e', 'Celestial')
;insert into mon_lu_Type (guid_Type, name_Type) VALUES ('a18d12fa-ac21-4a2a-b263-71b5d24d13a2', 'Beast')
;insert into mon_lu_Type (guid_Type, name_Type) VALUES ('75b43273-854c-47e0-b0ab-746ad75ba08e', 'Undead')
;insert into mon_lu_Type (guid_Type, name_Type) VALUES ('ccb2668c-28d4-4692-b8d2-8324a0e2f60b', 'Fiend')
;insert into mon_lu_Type (guid_Type, name_Type) VALUES ('f77010b5-9608-46e8-bdb6-83b84829e80f', 'Plant')
;insert into mon_lu_Type (guid_Type, name_Type) VALUES ('6f4567af-dafc-44f3-b6e0-86669a5303f5', 'Dragon')
;insert into mon_lu_Type (guid_Type, name_Type) VALUES ('29b80bad-aef0-43f1-baae-8e76849f42c9', 'Fey')
;insert into mon_lu_Type (guid_Type, name_Type) VALUES ('e9bfa601-598d-4fcf-b502-91f0b284a994', 'Ooze')
;insert into mon_lu_Type (guid_Type, name_Type) VALUES ('fcba4d7b-bc4f-4f59-950d-a06868362f64', 'Monstrosity')
;insert into mon_lu_Type (guid_Type, name_Type) VALUES ('706b76b8-a5f8-44d4-a93d-fcf92d1ded7d', 'Construct')
;insert into mon_rl_Alignment (guid_Alignment, name_alignment, guid_Lawfulness, guid_Goodness) VALUES ('a2be9be6-b848-4981-b3ee-12ba0ed18baf', 'Lawful Evil', '464e7a1f-f891-4816-9924-0eba5980e544', '800eb61f-dde0-495f-bc95-d334328d1a82')
;insert into mon_rl_Alignment (guid_Alignment, name_alignment, guid_Lawfulness, guid_Goodness) VALUES ('5a88c224-a341-470a-a14c-29be5b0b086b', 'Neutral Good', 'b55bfef1-aa91-42a1-86fe-6ede3a698a85', '8c71e0af-ba6a-4cd2-8769-f9288233252a')
;insert into mon_rl_Alignment (guid_Alignment, name_alignment, guid_Lawfulness, guid_Goodness) VALUES ('d7cf6701-c4aa-4317-b22e-2a15657f4617', 'Lawful Good', '464e7a1f-f891-4816-9924-0eba5980e544', '8c71e0af-ba6a-4cd2-8769-f9288233252a')
;insert into mon_rl_Alignment (guid_Alignment, name_alignment, guid_Lawfulness, guid_Goodness) VALUES ('3220825c-09a1-42b7-baed-3157392c5248', 'True Neutral', 'b55bfef1-aa91-42a1-86fe-6ede3a698a85', '50cc979c-1442-4938-8e35-2ec30adde6b4')
;insert into mon_rl_Alignment (guid_Alignment, name_alignment, guid_Lawfulness, guid_Goodness) VALUES ('4ce16b80-7f50-4385-af3a-6433fbcee5bc', 'Chaotic Evil', 'd0f4ae17-7ae8-4ca7-9226-7096b3f63110', '800eb61f-dde0-495f-bc95-d334328d1a82')
;insert into mon_rl_Alignment (guid_Alignment, name_alignment, guid_Lawfulness, guid_Goodness) VALUES ('3f25ee9f-9cb3-4f1b-a8fc-a315ebda648b', 'Chaotic Good', 'd0f4ae17-7ae8-4ca7-9226-7096b3f63110', '8c71e0af-ba6a-4cd2-8769-f9288233252a')
;insert into mon_rl_Alignment (guid_Alignment, name_alignment, guid_Lawfulness, guid_Goodness) VALUES ('892edc67-d60d-4906-ae68-cbd01d293cae', 'Chaotic Neutral', 'd0f4ae17-7ae8-4ca7-9226-7096b3f63110', '50cc979c-1442-4938-8e35-2ec30adde6b4')
;insert into mon_rl_Alignment (guid_Alignment, name_alignment, guid_Lawfulness, guid_Goodness) VALUES ('cff1fee0-17fc-4826-92ef-d3a1553287a8', 'Lawful Neutral', '464e7a1f-f891-4816-9924-0eba5980e544', '50cc979c-1442-4938-8e35-2ec30adde6b4')
;insert into mon_rl_Alignment (guid_Alignment, name_alignment, guid_Lawfulness, guid_Goodness) VALUES ('c57508b3-8ef1-4d70-b85f-d96367874094', 'Neutral Evil', 'b55bfef1-aa91-42a1-86fe-6ede3a698a85', '800eb61f-dde0-495f-bc95-d334328d1a82')
;insert into weap_lu_DamageType (guid_DamageType, name_DamageType) VALUES ('2709fd0a-c030-4290-ba76-3d73e5477726', 'Radiant')
;insert into weap_lu_DamageType (guid_DamageType, name_DamageType) VALUES ('99a54ee7-bd10-437c-b09a-468f9c98f301', 'Necrotic')
;insert into weap_lu_DamageType (guid_DamageType, name_DamageType) VALUES ('3a1a49f6-88dc-4d72-98ad-50a513efccec', 'Bludgeoning')
;insert into weap_lu_DamageType (guid_DamageType, name_DamageType) VALUES ('92e7e998-feb1-4152-b744-6f0b416c3493', 'Slashing')
;insert into weap_lu_DamageType (guid_DamageType, name_DamageType) VALUES ('3d7578c1-d5a9-433d-bbd8-76ab6166e6ea', 'Lightning')
;insert into weap_lu_DamageType (guid_DamageType, name_DamageType) VALUES ('c265c3b8-b1b8-4cba-ab6d-8844fea83e9c', 'Cold')
;insert into weap_lu_DamageType (guid_DamageType, name_DamageType) VALUES ('9620adc9-c1f8-43e3-900f-9a83c881291d', 'Fire')
;insert into weap_lu_DamageType (guid_DamageType, name_DamageType) VALUES ('c89d508f-9557-46e2-b037-9c99d954e2cc', 'Poison')
;insert into weap_lu_DamageType (guid_DamageType, name_DamageType) VALUES ('6e7cb455-5e2f-4419-a525-9f9f1fa7bf5c', 'Force')
;insert into weap_lu_DamageType (guid_DamageType, name_DamageType) VALUES ('175fbca2-0919-47b6-88b7-ba1a22880a6d', 'Thunder')
;insert into weap_lu_DamageType (guid_DamageType, name_DamageType) VALUES ('88018808-853f-41df-872a-c37df135a51d', 'Acid')
;insert into weap_lu_DamageType (guid_DamageType, name_DamageType) VALUES ('fb41f73b-deef-4cf8-b0ad-dc952284c234', 'Piercing')
;insert into weap_lu_DamageType (guid_DamageType, name_DamageType) VALUES ('39500d27-976d-487d-baa0-eff64dcc7fbd', 'Psychic')
;insert into weap_lu_Size_WeaponDice (guid_Size, size_die_Multiplier) VALUES ('a4d28780-e894-4d7a-b065-1cb00ee01d80', 1)
;insert into weap_lu_Size_WeaponDice (guid_Size, size_die_Multiplier) VALUES ('5e6048f6-e0ec-4bb1-9065-2116230246ff', 4)
;insert into weap_lu_Size_WeaponDice (guid_Size, size_die_Multiplier) VALUES ('2ef6d926-9d94-46d6-9f4d-6b14321d7d2e', 1)
;insert into weap_lu_Size_WeaponDice (guid_Size, size_die_Multiplier) VALUES ('c64a7d4b-30cd-4eee-a276-dbbde28daa21', 1)
;insert into weap_lu_Size_WeaponDice (guid_Size, size_die_Multiplier) VALUES ('5d0ff0c0-6053-476e-a423-df63946be45e', 2)
;insert into weap_lu_Size_WeaponDice (guid_Size, size_die_Multiplier) VALUES ('a9404107-c146-4e4f-ac83-f1b5df09bed7', 3)
;insert into weap_lu_SkillRequired (guid_Skill, name_SkillLevel) VALUES ('4c205a9f-503e-416a-92f0-9f598bbf7f15', 'Simple')
;insert into weap_lu_SkillRequired (guid_Skill, name_SkillLevel) VALUES ('7104d202-4ca3-45d2-9c30-eb31894d3a52', 'Martial')
;insert into weap_lu_WeaponReach (guid_Reach, name_Reach) VALUES ('2bd15ddb-2765-4433-8002-0fb80f1289bc', 'Ranged')
;insert into weap_lu_WeaponReach (guid_Reach, name_Reach) VALUES ('434fb0a8-b9b7-4dda-acbc-984b12f2c9fd', 'Melee')
;insert into weap_lu_WeaponTrait (guid_Trait, name_Trait) VALUES ('e915bf4a-0b59-45e3-8086-074c874c4f7a', 'Reach')
;insert into weap_lu_WeaponTrait (guid_Trait, name_Trait) VALUES ('7359aa0d-2e9f-4f97-9ea5-126b09dd82b8', 'Ammunition (range 25/100)')
;insert into weap_lu_WeaponTrait (guid_Trait, name_Trait) VALUES ('7a8be51f-f543-4942-9585-14fdec3fb04c', 'Ammunition (range 80/320)')
;insert into weap_lu_WeaponTrait (guid_Trait, name_Trait) VALUES ('8ced51fc-d785-40f7-8d88-2cbd93939634', 'Heavy')
;insert into weap_lu_WeaponTrait (guid_Trait, name_Trait) VALUES ('b7d7d12b-4a5a-47bb-97ca-46d9d415ef85', 'Loading')
;insert into weap_lu_WeaponTrait (guid_Trait, name_Trait) VALUES ('2b40ddae-84e2-4e8a-b935-52384d3e82fd', 'Versitile (1d10)')
;insert into weap_lu_WeaponTrait (guid_Trait, name_Trait) VALUES ('d9e00792-a5cc-4136-b9ba-650c19b4af67', 'Thrown (range 20/60)')
;insert into weap_lu_WeaponTrait (guid_Trait, name_Trait) VALUES ('ee72411c-44b2-49f0-94ce-7fa89bcd018f', 'Thrown (range 5/15)')
;insert into weap_lu_WeaponTrait (guid_Trait, name_Trait) VALUES ('c44fd3ff-53ac-4317-87cc-8f260d95362d', 'Ammunition (range 100/400)')
;insert into weap_lu_WeaponTrait (guid_Trait, name_Trait) VALUES ('a8075fec-9f18-4f66-bf36-962eedee2fb6', 'Finesse')
;insert into weap_lu_WeaponTrait (guid_Trait, name_Trait) VALUES ('74dc2e9c-618f-4fbb-8ce7-98e1aff82989', 'Thrown (range 30/120)')
;insert into weap_lu_WeaponTrait (guid_Trait, name_Trait) VALUES ('7e3888e5-4326-4c30-be4f-9c6e631b350a', 'Light')
;insert into weap_lu_WeaponTrait (guid_Trait, name_Trait) VALUES ('fa6c7360-1928-4f89-a03f-c45641b26861', 'Ammunition (range 150/600)')
;insert into weap_lu_WeaponTrait (guid_Trait, name_Trait) VALUES ('33104808-7332-49d7-8484-d22cc3c5f6bc', 'Special')
;insert into weap_lu_WeaponTrait (guid_Trait, name_Trait) VALUES ('7ad0cb0d-b422-45a2-9d9d-d60ac66bf5b5', 'Two-handed')
;insert into weap_lu_WeaponTrait (guid_Trait, name_Trait) VALUES ('ae941ebd-4a84-44ef-8909-d84351a125c9', 'Versitile (1d8)')
;insert into weap_lu_WeaponTrait (guid_Trait, name_Trait) VALUES ('d68eaf40-d77b-43a1-94aa-f9583ce3b47c', 'Ammunition (range 30/120)')

;insert into weap_lu_WeaponType (guid_WeaponType, guid_Skill, guid_Reach, name_weaponType) VALUES ('a1d546e2-6fef-4ea0-bee8-2e0b86931559', '4c205a9f-503e-416a-92f0-9f598bbf7f15', '2bd15ddb-2765-4433-8002-0fb80f1289bc', 'Simple Ranged')
;insert into weap_lu_WeaponType (guid_WeaponType, guid_Skill, guid_Reach, name_weaponType) VALUES ('95a8beda-1efc-4b5f-aa66-346c93c5023d', '4c205a9f-503e-416a-92f0-9f598bbf7f15', '434fb0a8-b9b7-4dda-acbc-984b12f2c9fd', 'Simple Melee')
;insert into weap_lu_WeaponType (guid_WeaponType, guid_Skill, guid_Reach, name_weaponType) VALUES ('93f486b6-c2a0-40d1-9da4-63cad316b763', '7104d202-4ca3-45d2-9c30-eb31894d3a52', '2bd15ddb-2765-4433-8002-0fb80f1289bc', 'Martial Ranged')
;insert into weap_lu_WeaponType (guid_WeaponType, guid_Skill, guid_Reach, name_weaponType) VALUES ('fab735a6-8c18-486a-a058-c6bf42884512', '7104d202-4ca3-45d2-9c30-eb31894d3a52', '434fb0a8-b9b7-4dda-acbc-984b12f2c9fd', 'Martial Melee')

;insert into weap_Weapon (guid_Weapon, guid_Die, guid_DamageType, guid_WeaponType, number_DamageDice, name_weapon) VALUES ('fd25a437-79b3-47ce-b7a0-04b7aa40c061', '04c5e5d5-fe76-4dfe-b4bb-a0c26e914307', 'fb41f73b-deef-4cf8-b0ad-dc952284c234', '95a8beda-1efc-4b5f-aa66-346c93c5023d', 1, 'Spear')
;insert into weap_Weapon (guid_Weapon, guid_Die, guid_DamageType, guid_WeaponType, number_DamageDice, name_weapon) VALUES ('1cfcd5a0-60df-43c5-99c8-152caeb08a6c', NULL, NULL, '93f486b6-c2a0-40d1-9da4-63cad316b763', 0, 'Net')
;insert into weap_Weapon (guid_Weapon, guid_Die, guid_DamageType, guid_WeaponType, number_DamageDice, name_weapon) VALUES ('58c31b7b-c0d9-41ba-8e9e-187c8fbf76c0', 'e01bf86f-0ff3-4cf7-897f-a185afb33c54', 'fb41f73b-deef-4cf8-b0ad-dc952284c234', 'fab735a6-8c18-486a-a058-c6bf42884512', 1, 'Pike')
;insert into weap_Weapon (guid_Weapon, guid_Die, guid_DamageType, guid_WeaponType, number_DamageDice, name_weapon) VALUES ('6e439074-d840-4ef7-a61b-1bb8402f3a9d', '04c5e5d5-fe76-4dfe-b4bb-a0c26e914307', 'fb41f73b-deef-4cf8-b0ad-dc952284c234', '95a8beda-1efc-4b5f-aa66-346c93c5023d', 1, 'Javelin')
;insert into weap_Weapon (guid_Weapon, guid_Die, guid_DamageType, guid_WeaponType, number_DamageDice, name_weapon) VALUES ('4c82364c-f6e6-492d-8f59-22579051aa8c', '04c5e5d5-fe76-4dfe-b4bb-a0c26e914307', 'fb41f73b-deef-4cf8-b0ad-dc952284c234', 'a1d546e2-6fef-4ea0-bee8-2e0b86931559', 1, 'Shortbow')
;insert into weap_Weapon (guid_Weapon, guid_Die, guid_DamageType, guid_WeaponType, number_DamageDice, name_weapon) VALUES ('15e826d7-591d-4550-979b-25df20fec7a7', '32fb76a6-a39a-4bb7-b761-48b96bf0f3a8', '3a1a49f6-88dc-4d72-98ad-50a513efccec', 'fab735a6-8c18-486a-a058-c6bf42884512', 1, 'Warhammer')
;insert into weap_Weapon (guid_Weapon, guid_Die, guid_DamageType, guid_WeaponType, number_DamageDice, name_weapon) VALUES ('613297ea-ac74-40ef-bd79-2c3ad858a9f2', '1ff5257c-1568-49c1-a656-088b4884efc0', '3a1a49f6-88dc-4d72-98ad-50a513efccec', 'a1d546e2-6fef-4ea0-bee8-2e0b86931559', 1, 'Sling')
;insert into weap_Weapon (guid_Weapon, guid_Die, guid_DamageType, guid_WeaponType, number_DamageDice, name_weapon) VALUES ('6dfc7b00-5ca9-45d7-8ca9-2cc6cd7ebecb', '1ff5257c-1568-49c1-a656-088b4884efc0', 'fb41f73b-deef-4cf8-b0ad-dc952284c234', '95a8beda-1efc-4b5f-aa66-346c93c5023d', 1, 'Dagger')
;insert into weap_Weapon (guid_Weapon, guid_Die, guid_DamageType, guid_WeaponType, number_DamageDice, name_weapon) VALUES ('cbcdb66c-2985-40a7-a4f2-317d3b10e224', '04c5e5d5-fe76-4dfe-b4bb-a0c26e914307', '3a1a49f6-88dc-4d72-98ad-50a513efccec', '95a8beda-1efc-4b5f-aa66-346c93c5023d', 1, 'Mace')
;insert into weap_Weapon (guid_Weapon, guid_Die, guid_DamageType, guid_WeaponType, number_DamageDice, name_weapon) VALUES ('f3496bec-3de1-453b-b0e6-317f99401ecd', '32fb76a6-a39a-4bb7-b761-48b96bf0f3a8', 'fb41f73b-deef-4cf8-b0ad-dc952284c234', 'a1d546e2-6fef-4ea0-bee8-2e0b86931559', 1, 'Crossbow, Light')
;insert into weap_Weapon (guid_Weapon, guid_Die, guid_DamageType, guid_WeaponType, number_DamageDice, name_weapon) VALUES ('1af9dba1-261f-47a0-ae91-349766bb5846', '32fb76a6-a39a-4bb7-b761-48b96bf0f3a8', '92e7e998-feb1-4152-b744-6f0b416c3493', 'fab735a6-8c18-486a-a058-c6bf42884512', 1, 'Longsword')
;insert into weap_Weapon (guid_Weapon, guid_Die, guid_DamageType, guid_WeaponType, number_DamageDice, name_weapon) VALUES ('d900f107-d4f5-48cb-b23f-3ea977f4502b', '1ff5257c-1568-49c1-a656-088b4884efc0', '3a1a49f6-88dc-4d72-98ad-50a513efccec', '95a8beda-1efc-4b5f-aa66-346c93c5023d', 1, 'Club')
;insert into weap_Weapon (guid_Weapon, guid_Die, guid_DamageType, guid_WeaponType, number_DamageDice, name_weapon) VALUES ('9f49f128-f692-4f76-84de-53a32db82b3c', '04c5e5d5-fe76-4dfe-b4bb-a0c26e914307', '3a1a49f6-88dc-4d72-98ad-50a513efccec', 'fab735a6-8c18-486a-a058-c6bf42884512', 2, 'Maul')
;insert into weap_Weapon (guid_Weapon, guid_Die, guid_DamageType, guid_WeaponType, number_DamageDice, name_weapon) VALUES ('f6953406-2767-4c4d-9c6b-597344b8162f', '32fb76a6-a39a-4bb7-b761-48b96bf0f3a8', '92e7e998-feb1-4152-b744-6f0b416c3493', 'fab735a6-8c18-486a-a058-c6bf42884512', 1, 'Battleaxe')
;insert into weap_Weapon (guid_Weapon, guid_Die, guid_DamageType, guid_WeaponType, number_DamageDice, name_weapon) VALUES ('80e1e0f5-70e3-4eb6-897d-59ae929539a1', 'c4d1ecfa-f454-45cf-be70-cf784baf834f', '92e7e998-feb1-4152-b744-6f0b416c3493', 'fab735a6-8c18-486a-a058-c6bf42884512', 1, 'Greataxe')
;insert into weap_Weapon (guid_Weapon, guid_Die, guid_DamageType, guid_WeaponType, number_DamageDice, name_weapon) VALUES ('4d49c0b3-53ba-47f5-9c61-5d3da6c6f375', '32fb76a6-a39a-4bb7-b761-48b96bf0f3a8', 'fb41f73b-deef-4cf8-b0ad-dc952284c234', '93f486b6-c2a0-40d1-9da4-63cad316b763', 1, 'Longbow')
;insert into weap_Weapon (guid_Weapon, guid_Die, guid_DamageType, guid_WeaponType, number_DamageDice, name_weapon) VALUES ('3a1accd9-9305-4501-ae82-6211b36f96d8', '1ff5257c-1568-49c1-a656-088b4884efc0', '3a1a49f6-88dc-4d72-98ad-50a513efccec', '95a8beda-1efc-4b5f-aa66-346c93c5023d', 1, 'Light Hammer')
;insert into weap_Weapon (guid_Weapon, guid_Die, guid_DamageType, guid_WeaponType, number_DamageDice, name_weapon) VALUES ('349c6055-11fb-4100-9fef-68328cb14d2a', '04c5e5d5-fe76-4dfe-b4bb-a0c26e914307', 'fb41f73b-deef-4cf8-b0ad-dc952284c234', 'fab735a6-8c18-486a-a058-c6bf42884512', 1, 'Shortsword')
;insert into weap_Weapon (guid_Weapon, guid_Die, guid_DamageType, guid_WeaponType, number_DamageDice, name_weapon) VALUES ('c6fa2adf-1887-433b-9ee9-71a296a4fc1e', '04c5e5d5-fe76-4dfe-b4bb-a0c26e914307', '3a1a49f6-88dc-4d72-98ad-50a513efccec', '95a8beda-1efc-4b5f-aa66-346c93c5023d', 1, 'Quarterstaff')
;insert into weap_Weapon (guid_Weapon, guid_Die, guid_DamageType, guid_WeaponType, number_DamageDice, name_weapon) VALUES ('a9b8343d-ae8f-4bc7-baf5-74c36fe5cfa3', '32fb76a6-a39a-4bb7-b761-48b96bf0f3a8', '3a1a49f6-88dc-4d72-98ad-50a513efccec', 'fab735a6-8c18-486a-a058-c6bf42884512', 1, 'Flail')
;insert into weap_Weapon (guid_Weapon, guid_Die, guid_DamageType, guid_WeaponType, number_DamageDice, name_weapon) VALUES ('7dab5339-bc4c-4141-b5e6-7d3f420d6396', 'e01bf86f-0ff3-4cf7-897f-a185afb33c54', '92e7e998-feb1-4152-b744-6f0b416c3493', 'fab735a6-8c18-486a-a058-c6bf42884512', 1, 'Halberd')
;insert into weap_Weapon (guid_Weapon, guid_Die, guid_DamageType, guid_WeaponType, number_DamageDice, name_weapon) VALUES ('6c318ddd-2dc2-4e5d-87d1-9621afdadf02', 'e01bf86f-0ff3-4cf7-897f-a185afb33c54', 'fb41f73b-deef-4cf8-b0ad-dc952284c234', '93f486b6-c2a0-40d1-9da4-63cad316b763', 1, 'Crossbow, heavy')
;insert into weap_Weapon (guid_Weapon, guid_Die, guid_DamageType, guid_WeaponType, number_DamageDice, name_weapon) VALUES ('ebf21478-2150-4d74-a547-a1bd7001106f', '32fb76a6-a39a-4bb7-b761-48b96bf0f3a8', '3a1a49f6-88dc-4d72-98ad-50a513efccec', '95a8beda-1efc-4b5f-aa66-346c93c5023d', 1, 'Greatclub')
;insert into weap_Weapon (guid_Weapon, guid_Die, guid_DamageType, guid_WeaponType, number_DamageDice, name_weapon) VALUES ('a30ecf65-6cdc-4133-a9d5-a29feb674d9b', 'e01bf86f-0ff3-4cf7-897f-a185afb33c54', '92e7e998-feb1-4152-b744-6f0b416c3493', 'fab735a6-8c18-486a-a058-c6bf42884512', 1, 'Glaive')
;insert into weap_Weapon (guid_Weapon, guid_Die, guid_DamageType, guid_WeaponType, number_DamageDice, name_weapon) VALUES ('8786c3e4-1169-4132-8389-a9471318003c', '04c5e5d5-fe76-4dfe-b4bb-a0c26e914307', '92e7e998-feb1-4152-b744-6f0b416c3493', 'fab735a6-8c18-486a-a058-c6bf42884512', 2, 'Greatsword')
;insert into weap_Weapon (guid_Weapon, guid_Die, guid_DamageType, guid_WeaponType, number_DamageDice, name_weapon) VALUES ('82a08381-8847-4362-a221-ae01fb9a5f3e', '04c5e5d5-fe76-4dfe-b4bb-a0c26e914307', 'fb41f73b-deef-4cf8-b0ad-dc952284c234', 'fab735a6-8c18-486a-a058-c6bf42884512', 1, 'Trident')
;insert into weap_Weapon (guid_Weapon, guid_Die, guid_DamageType, guid_WeaponType, number_DamageDice, name_weapon) VALUES ('61978a5d-c69e-4466-9048-be0c50abf97f', 'c4d1ecfa-f454-45cf-be70-cf784baf834f', 'fb41f73b-deef-4cf8-b0ad-dc952284c234', 'fab735a6-8c18-486a-a058-c6bf42884512', 1, 'Lance')
;insert into weap_Weapon (guid_Weapon, guid_Die, guid_DamageType, guid_WeaponType, number_DamageDice, name_weapon) VALUES ('5a2fb915-4d8c-4a25-b3dd-d029d9266219', '1ff5257c-1568-49c1-a656-088b4884efc0', '92e7e998-feb1-4152-b744-6f0b416c3493', 'fab735a6-8c18-486a-a058-c6bf42884512', 1, 'Whip')
;insert into weap_Weapon (guid_Weapon, guid_Die, guid_DamageType, guid_WeaponType, number_DamageDice, name_weapon) VALUES ('6569316a-fc7a-40e6-b93e-d72d28d92aa0', '32fb76a6-a39a-4bb7-b761-48b96bf0f3a8', 'fb41f73b-deef-4cf8-b0ad-dc952284c234', 'fab735a6-8c18-486a-a058-c6bf42884512', 1, 'Morningstar')
;insert into weap_Weapon (guid_Weapon, guid_Die, guid_DamageType, guid_WeaponType, number_DamageDice, name_weapon) VALUES ('02de9c62-da40-499b-9a76-da49ad8eeb0d', '1ff5257c-1568-49c1-a656-088b4884efc0', 'fb41f73b-deef-4cf8-b0ad-dc952284c234', 'a1d546e2-6fef-4ea0-bee8-2e0b86931559', 1, 'Dart')
;insert into weap_Weapon (guid_Weapon, guid_Die, guid_DamageType, guid_WeaponType, number_DamageDice, name_weapon) VALUES ('8c558f4c-f4a9-4cd5-a52a-de21a9009154', 'bd31d66d-3731-45bb-88b2-dbf1acfa6e98', 'fb41f73b-deef-4cf8-b0ad-dc952284c234', '93f486b6-c2a0-40d1-9da4-63cad316b763', 1, 'Blowgun')
;insert into weap_Weapon (guid_Weapon, guid_Die, guid_DamageType, guid_WeaponType, number_DamageDice, name_weapon) VALUES ('30039481-56bb-4ec4-a578-de7289d634ae', '32fb76a6-a39a-4bb7-b761-48b96bf0f3a8', 'fb41f73b-deef-4cf8-b0ad-dc952284c234', 'fab735a6-8c18-486a-a058-c6bf42884512', 1, 'War Pick')
;insert into weap_Weapon (guid_Weapon, guid_Die, guid_DamageType, guid_WeaponType, number_DamageDice, name_weapon) VALUES ('33eb22b3-67e6-42f4-954b-e473840826b2', '1ff5257c-1568-49c1-a656-088b4884efc0', '92e7e998-feb1-4152-b744-6f0b416c3493', '95a8beda-1efc-4b5f-aa66-346c93c5023d', 1, 'Sickle')
;insert into weap_Weapon (guid_Weapon, guid_Die, guid_DamageType, guid_WeaponType, number_DamageDice, name_weapon) VALUES ('0e337194-078c-4f99-a339-e7e311a2bdc4', '04c5e5d5-fe76-4dfe-b4bb-a0c26e914307', 'fb41f73b-deef-4cf8-b0ad-dc952284c234', '93f486b6-c2a0-40d1-9da4-63cad316b763', 1, 'Crossbow, hand')
;insert into weap_Weapon (guid_Weapon, guid_Die, guid_DamageType, guid_WeaponType, number_DamageDice, name_weapon) VALUES ('5c6241a0-716a-430a-8854-f7b5c8ce74e8', '04c5e5d5-fe76-4dfe-b4bb-a0c26e914307', '92e7e998-feb1-4152-b744-6f0b416c3493', '95a8beda-1efc-4b5f-aa66-346c93c5023d', 1, 'Handaxe')
;insert into weap_Weapon (guid_Weapon, guid_Die, guid_DamageType, guid_WeaponType, number_DamageDice, name_weapon) VALUES ('d27ab717-2f71-4b66-b67d-f86822b630db', '04c5e5d5-fe76-4dfe-b4bb-a0c26e914307', '92e7e998-feb1-4152-b744-6f0b416c3493', 'fab735a6-8c18-486a-a058-c6bf42884512', 1, 'Scimitar')
;insert into weap_Weapon (guid_Weapon, guid_Die, guid_DamageType, guid_WeaponType, number_DamageDice, name_weapon) VALUES ('be84879a-bc83-4746-90fe-fe4c413fdb76', '32fb76a6-a39a-4bb7-b761-48b96bf0f3a8', 'fb41f73b-deef-4cf8-b0ad-dc952284c234', 'fab735a6-8c18-486a-a058-c6bf42884512', 1, 'Rapier')

;insert into weap_rl_Weapon_AbilityScore (guid_AbilityScore, guid_Weapon) VALUES ('fa1e2ba9-e0b0-4cef-bfda-4b2fac5caee9', 'fd25a437-79b3-47ce-b7a0-04b7aa40c061')
;insert into weap_rl_Weapon_AbilityScore (guid_AbilityScore, guid_Weapon) VALUES ('fa1e2ba9-e0b0-4cef-bfda-4b2fac5caee9', '1cfcd5a0-60df-43c5-99c8-152caeb08a6c')
;insert into weap_rl_Weapon_AbilityScore (guid_AbilityScore, guid_Weapon) VALUES ('fa1e2ba9-e0b0-4cef-bfda-4b2fac5caee9', '58c31b7b-c0d9-41ba-8e9e-187c8fbf76c0')
;insert into weap_rl_Weapon_AbilityScore (guid_AbilityScore, guid_Weapon) VALUES ('fa1e2ba9-e0b0-4cef-bfda-4b2fac5caee9', '6e439074-d840-4ef7-a61b-1bb8402f3a9d')
;insert into weap_rl_Weapon_AbilityScore (guid_AbilityScore, guid_Weapon) VALUES ('fa1e2ba9-e0b0-4cef-bfda-4b2fac5caee9', '15e826d7-591d-4550-979b-25df20fec7a7')
;insert into weap_rl_Weapon_AbilityScore (guid_AbilityScore, guid_Weapon) VALUES ('fa1e2ba9-e0b0-4cef-bfda-4b2fac5caee9', '6dfc7b00-5ca9-45d7-8ca9-2cc6cd7ebecb')
;insert into weap_rl_Weapon_AbilityScore (guid_AbilityScore, guid_Weapon) VALUES ('fa1e2ba9-e0b0-4cef-bfda-4b2fac5caee9', 'cbcdb66c-2985-40a7-a4f2-317d3b10e224')
;insert into weap_rl_Weapon_AbilityScore (guid_AbilityScore, guid_Weapon) VALUES ('fa1e2ba9-e0b0-4cef-bfda-4b2fac5caee9', '1af9dba1-261f-47a0-ae91-349766bb5846')
;insert into weap_rl_Weapon_AbilityScore (guid_AbilityScore, guid_Weapon) VALUES ('fa1e2ba9-e0b0-4cef-bfda-4b2fac5caee9', 'd900f107-d4f5-48cb-b23f-3ea977f4502b')
;insert into weap_rl_Weapon_AbilityScore (guid_AbilityScore, guid_Weapon) VALUES ('fa1e2ba9-e0b0-4cef-bfda-4b2fac5caee9', '9f49f128-f692-4f76-84de-53a32db82b3c')
;insert into weap_rl_Weapon_AbilityScore (guid_AbilityScore, guid_Weapon) VALUES ('fa1e2ba9-e0b0-4cef-bfda-4b2fac5caee9', 'f6953406-2767-4c4d-9c6b-597344b8162f')
;insert into weap_rl_Weapon_AbilityScore (guid_AbilityScore, guid_Weapon) VALUES ('fa1e2ba9-e0b0-4cef-bfda-4b2fac5caee9', '80e1e0f5-70e3-4eb6-897d-59ae929539a1')
;insert into weap_rl_Weapon_AbilityScore (guid_AbilityScore, guid_Weapon) VALUES ('fa1e2ba9-e0b0-4cef-bfda-4b2fac5caee9', '3a1accd9-9305-4501-ae82-6211b36f96d8')
;insert into weap_rl_Weapon_AbilityScore (guid_AbilityScore, guid_Weapon) VALUES ('fa1e2ba9-e0b0-4cef-bfda-4b2fac5caee9', '349c6055-11fb-4100-9fef-68328cb14d2a')
;insert into weap_rl_Weapon_AbilityScore (guid_AbilityScore, guid_Weapon) VALUES ('fa1e2ba9-e0b0-4cef-bfda-4b2fac5caee9', 'c6fa2adf-1887-433b-9ee9-71a296a4fc1e')
;insert into weap_rl_Weapon_AbilityScore (guid_AbilityScore, guid_Weapon) VALUES ('fa1e2ba9-e0b0-4cef-bfda-4b2fac5caee9', 'a9b8343d-ae8f-4bc7-baf5-74c36fe5cfa3')
;insert into weap_rl_Weapon_AbilityScore (guid_AbilityScore, guid_Weapon) VALUES ('fa1e2ba9-e0b0-4cef-bfda-4b2fac5caee9', '7dab5339-bc4c-4141-b5e6-7d3f420d6396')
;insert into weap_rl_Weapon_AbilityScore (guid_AbilityScore, guid_Weapon) VALUES ('fa1e2ba9-e0b0-4cef-bfda-4b2fac5caee9', 'ebf21478-2150-4d74-a547-a1bd7001106f')
;insert into weap_rl_Weapon_AbilityScore (guid_AbilityScore, guid_Weapon) VALUES ('fa1e2ba9-e0b0-4cef-bfda-4b2fac5caee9', 'a30ecf65-6cdc-4133-a9d5-a29feb674d9b')
;insert into weap_rl_Weapon_AbilityScore (guid_AbilityScore, guid_Weapon) VALUES ('fa1e2ba9-e0b0-4cef-bfda-4b2fac5caee9', '8786c3e4-1169-4132-8389-a9471318003c')
;insert into weap_rl_Weapon_AbilityScore (guid_AbilityScore, guid_Weapon) VALUES ('fa1e2ba9-e0b0-4cef-bfda-4b2fac5caee9', '82a08381-8847-4362-a221-ae01fb9a5f3e')
;insert into weap_rl_Weapon_AbilityScore (guid_AbilityScore, guid_Weapon) VALUES ('fa1e2ba9-e0b0-4cef-bfda-4b2fac5caee9', '61978a5d-c69e-4466-9048-be0c50abf97f')
;insert into weap_rl_Weapon_AbilityScore (guid_AbilityScore, guid_Weapon) VALUES ('fa1e2ba9-e0b0-4cef-bfda-4b2fac5caee9', '5a2fb915-4d8c-4a25-b3dd-d029d9266219')
;insert into weap_rl_Weapon_AbilityScore (guid_AbilityScore, guid_Weapon) VALUES ('fa1e2ba9-e0b0-4cef-bfda-4b2fac5caee9', '6569316a-fc7a-40e6-b93e-d72d28d92aa0')
;insert into weap_rl_Weapon_AbilityScore (guid_AbilityScore, guid_Weapon) VALUES ('fa1e2ba9-e0b0-4cef-bfda-4b2fac5caee9', '02de9c62-da40-499b-9a76-da49ad8eeb0d')
;insert into weap_rl_Weapon_AbilityScore (guid_AbilityScore, guid_Weapon) VALUES ('fa1e2ba9-e0b0-4cef-bfda-4b2fac5caee9', '30039481-56bb-4ec4-a578-de7289d634ae')
;insert into weap_rl_Weapon_AbilityScore (guid_AbilityScore, guid_Weapon) VALUES ('fa1e2ba9-e0b0-4cef-bfda-4b2fac5caee9', '33eb22b3-67e6-42f4-954b-e473840826b2')
;insert into weap_rl_Weapon_AbilityScore (guid_AbilityScore, guid_Weapon) VALUES ('fa1e2ba9-e0b0-4cef-bfda-4b2fac5caee9', '5c6241a0-716a-430a-8854-f7b5c8ce74e8')
;insert into weap_rl_Weapon_AbilityScore (guid_AbilityScore, guid_Weapon) VALUES ('fa1e2ba9-e0b0-4cef-bfda-4b2fac5caee9', 'd27ab717-2f71-4b66-b67d-f86822b630db')
;insert into weap_rl_Weapon_AbilityScore (guid_AbilityScore, guid_Weapon) VALUES ('fa1e2ba9-e0b0-4cef-bfda-4b2fac5caee9', 'be84879a-bc83-4746-90fe-fe4c413fdb76')
;insert into weap_rl_Weapon_AbilityScore (guid_AbilityScore, guid_Weapon) VALUES ('6c49abc6-06f1-436a-a046-f50e9cc93808', '4c82364c-f6e6-492d-8f59-22579051aa8c')
;insert into weap_rl_Weapon_AbilityScore (guid_AbilityScore, guid_Weapon) VALUES ('6c49abc6-06f1-436a-a046-f50e9cc93808', '613297ea-ac74-40ef-bd79-2c3ad858a9f2')
;insert into weap_rl_Weapon_AbilityScore (guid_AbilityScore, guid_Weapon) VALUES ('6c49abc6-06f1-436a-a046-f50e9cc93808', '6dfc7b00-5ca9-45d7-8ca9-2cc6cd7ebecb')
;insert into weap_rl_Weapon_AbilityScore (guid_AbilityScore, guid_Weapon) VALUES ('6c49abc6-06f1-436a-a046-f50e9cc93808', 'f3496bec-3de1-453b-b0e6-317f99401ecd')
;insert into weap_rl_Weapon_AbilityScore (guid_AbilityScore, guid_Weapon) VALUES ('6c49abc6-06f1-436a-a046-f50e9cc93808', '4d49c0b3-53ba-47f5-9c61-5d3da6c6f375')
;insert into weap_rl_Weapon_AbilityScore (guid_AbilityScore, guid_Weapon) VALUES ('6c49abc6-06f1-436a-a046-f50e9cc93808', '349c6055-11fb-4100-9fef-68328cb14d2a')
;insert into weap_rl_Weapon_AbilityScore (guid_AbilityScore, guid_Weapon) VALUES ('6c49abc6-06f1-436a-a046-f50e9cc93808', '6c318ddd-2dc2-4e5d-87d1-9621afdadf02')
;insert into weap_rl_Weapon_AbilityScore (guid_AbilityScore, guid_Weapon) VALUES ('6c49abc6-06f1-436a-a046-f50e9cc93808', '5a2fb915-4d8c-4a25-b3dd-d029d9266219')
;insert into weap_rl_Weapon_AbilityScore (guid_AbilityScore, guid_Weapon) VALUES ('6c49abc6-06f1-436a-a046-f50e9cc93808', '02de9c62-da40-499b-9a76-da49ad8eeb0d')
;insert into weap_rl_Weapon_AbilityScore (guid_AbilityScore, guid_Weapon) VALUES ('6c49abc6-06f1-436a-a046-f50e9cc93808', '8c558f4c-f4a9-4cd5-a52a-de21a9009154')
;insert into weap_rl_Weapon_AbilityScore (guid_AbilityScore, guid_Weapon) VALUES ('6c49abc6-06f1-436a-a046-f50e9cc93808', '0e337194-078c-4f99-a339-e7e311a2bdc4')
;insert into weap_rl_Weapon_AbilityScore (guid_AbilityScore, guid_Weapon) VALUES ('6c49abc6-06f1-436a-a046-f50e9cc93808', 'd27ab717-2f71-4b66-b67d-f86822b630db')
;insert into weap_rl_Weapon_AbilityScore (guid_AbilityScore, guid_Weapon) VALUES ('6c49abc6-06f1-436a-a046-f50e9cc93808', 'be84879a-bc83-4746-90fe-fe4c413fdb76')

;insert into weap_rl_Weapon_WeaponTrait (guid_Trait, guid_Weapon) VALUES ('e915bf4a-0b59-45e3-8086-074c874c4f7a', '58c31b7b-c0d9-41ba-8e9e-187c8fbf76c0')
;insert into weap_rl_Weapon_WeaponTrait (guid_Trait, guid_Weapon) VALUES ('e915bf4a-0b59-45e3-8086-074c874c4f7a', '7dab5339-bc4c-4141-b5e6-7d3f420d6396')
;insert into weap_rl_Weapon_WeaponTrait (guid_Trait, guid_Weapon) VALUES ('e915bf4a-0b59-45e3-8086-074c874c4f7a', 'a30ecf65-6cdc-4133-a9d5-a29feb674d9b')
;insert into weap_rl_Weapon_WeaponTrait (guid_Trait, guid_Weapon) VALUES ('e915bf4a-0b59-45e3-8086-074c874c4f7a', '61978a5d-c69e-4466-9048-be0c50abf97f')
;insert into weap_rl_Weapon_WeaponTrait (guid_Trait, guid_Weapon) VALUES ('e915bf4a-0b59-45e3-8086-074c874c4f7a', '5a2fb915-4d8c-4a25-b3dd-d029d9266219')
;insert into weap_rl_Weapon_WeaponTrait (guid_Trait, guid_Weapon) VALUES ('7359aa0d-2e9f-4f97-9ea5-126b09dd82b8', '8c558f4c-f4a9-4cd5-a52a-de21a9009154')
;insert into weap_rl_Weapon_WeaponTrait (guid_Trait, guid_Weapon) VALUES ('7a8be51f-f543-4942-9585-14fdec3fb04c', '4c82364c-f6e6-492d-8f59-22579051aa8c')
;insert into weap_rl_Weapon_WeaponTrait (guid_Trait, guid_Weapon) VALUES ('7a8be51f-f543-4942-9585-14fdec3fb04c', 'f3496bec-3de1-453b-b0e6-317f99401ecd')
;insert into weap_rl_Weapon_WeaponTrait (guid_Trait, guid_Weapon) VALUES ('8ced51fc-d785-40f7-8d88-2cbd93939634', '58c31b7b-c0d9-41ba-8e9e-187c8fbf76c0')
;insert into weap_rl_Weapon_WeaponTrait (guid_Trait, guid_Weapon) VALUES ('8ced51fc-d785-40f7-8d88-2cbd93939634', '9f49f128-f692-4f76-84de-53a32db82b3c')
;insert into weap_rl_Weapon_WeaponTrait (guid_Trait, guid_Weapon) VALUES ('8ced51fc-d785-40f7-8d88-2cbd93939634', '80e1e0f5-70e3-4eb6-897d-59ae929539a1')
;insert into weap_rl_Weapon_WeaponTrait (guid_Trait, guid_Weapon) VALUES ('8ced51fc-d785-40f7-8d88-2cbd93939634', '4d49c0b3-53ba-47f5-9c61-5d3da6c6f375')
;insert into weap_rl_Weapon_WeaponTrait (guid_Trait, guid_Weapon) VALUES ('8ced51fc-d785-40f7-8d88-2cbd93939634', '7dab5339-bc4c-4141-b5e6-7d3f420d6396')
;insert into weap_rl_Weapon_WeaponTrait (guid_Trait, guid_Weapon) VALUES ('8ced51fc-d785-40f7-8d88-2cbd93939634', '6c318ddd-2dc2-4e5d-87d1-9621afdadf02')
;insert into weap_rl_Weapon_WeaponTrait (guid_Trait, guid_Weapon) VALUES ('8ced51fc-d785-40f7-8d88-2cbd93939634', 'a30ecf65-6cdc-4133-a9d5-a29feb674d9b')
;insert into weap_rl_Weapon_WeaponTrait (guid_Trait, guid_Weapon) VALUES ('8ced51fc-d785-40f7-8d88-2cbd93939634', '8786c3e4-1169-4132-8389-a9471318003c')
;insert into weap_rl_Weapon_WeaponTrait (guid_Trait, guid_Weapon) VALUES ('b7d7d12b-4a5a-47bb-97ca-46d9d415ef85', 'f3496bec-3de1-453b-b0e6-317f99401ecd')
;insert into weap_rl_Weapon_WeaponTrait (guid_Trait, guid_Weapon) VALUES ('b7d7d12b-4a5a-47bb-97ca-46d9d415ef85', '6c318ddd-2dc2-4e5d-87d1-9621afdadf02')
;insert into weap_rl_Weapon_WeaponTrait (guid_Trait, guid_Weapon) VALUES ('b7d7d12b-4a5a-47bb-97ca-46d9d415ef85', '8c558f4c-f4a9-4cd5-a52a-de21a9009154')
;insert into weap_rl_Weapon_WeaponTrait (guid_Trait, guid_Weapon) VALUES ('b7d7d12b-4a5a-47bb-97ca-46d9d415ef85', '0e337194-078c-4f99-a339-e7e311a2bdc4')
;insert into weap_rl_Weapon_WeaponTrait (guid_Trait, guid_Weapon) VALUES ('2b40ddae-84e2-4e8a-b935-52384d3e82fd', '15e826d7-591d-4550-979b-25df20fec7a7')
;insert into weap_rl_Weapon_WeaponTrait (guid_Trait, guid_Weapon) VALUES ('2b40ddae-84e2-4e8a-b935-52384d3e82fd', '1af9dba1-261f-47a0-ae91-349766bb5846')
;insert into weap_rl_Weapon_WeaponTrait (guid_Trait, guid_Weapon) VALUES ('2b40ddae-84e2-4e8a-b935-52384d3e82fd', 'f6953406-2767-4c4d-9c6b-597344b8162f')
;insert into weap_rl_Weapon_WeaponTrait (guid_Trait, guid_Weapon) VALUES ('d9e00792-a5cc-4136-b9ba-650c19b4af67', 'fd25a437-79b3-47ce-b7a0-04b7aa40c061')
;insert into weap_rl_Weapon_WeaponTrait (guid_Trait, guid_Weapon) VALUES ('d9e00792-a5cc-4136-b9ba-650c19b4af67', '6dfc7b00-5ca9-45d7-8ca9-2cc6cd7ebecb')
;insert into weap_rl_Weapon_WeaponTrait (guid_Trait, guid_Weapon) VALUES ('d9e00792-a5cc-4136-b9ba-650c19b4af67', '3a1accd9-9305-4501-ae82-6211b36f96d8')
;insert into weap_rl_Weapon_WeaponTrait (guid_Trait, guid_Weapon) VALUES ('d9e00792-a5cc-4136-b9ba-650c19b4af67', '82a08381-8847-4362-a221-ae01fb9a5f3e')
;insert into weap_rl_Weapon_WeaponTrait (guid_Trait, guid_Weapon) VALUES ('d9e00792-a5cc-4136-b9ba-650c19b4af67', '02de9c62-da40-499b-9a76-da49ad8eeb0d')
;insert into weap_rl_Weapon_WeaponTrait (guid_Trait, guid_Weapon) VALUES ('d9e00792-a5cc-4136-b9ba-650c19b4af67', '5c6241a0-716a-430a-8854-f7b5c8ce74e8')
;insert into weap_rl_Weapon_WeaponTrait (guid_Trait, guid_Weapon) VALUES ('ee72411c-44b2-49f0-94ce-7fa89bcd018f', '1cfcd5a0-60df-43c5-99c8-152caeb08a6c')
;insert into weap_rl_Weapon_WeaponTrait (guid_Trait, guid_Weapon) VALUES ('c44fd3ff-53ac-4317-87cc-8f260d95362d', '6c318ddd-2dc2-4e5d-87d1-9621afdadf02')
;insert into weap_rl_Weapon_WeaponTrait (guid_Trait, guid_Weapon) VALUES ('a8075fec-9f18-4f66-bf36-962eedee2fb6', '6dfc7b00-5ca9-45d7-8ca9-2cc6cd7ebecb')
;insert into weap_rl_Weapon_WeaponTrait (guid_Trait, guid_Weapon) VALUES ('a8075fec-9f18-4f66-bf36-962eedee2fb6', '349c6055-11fb-4100-9fef-68328cb14d2a')
;insert into weap_rl_Weapon_WeaponTrait (guid_Trait, guid_Weapon) VALUES ('a8075fec-9f18-4f66-bf36-962eedee2fb6', '5a2fb915-4d8c-4a25-b3dd-d029d9266219')
;insert into weap_rl_Weapon_WeaponTrait (guid_Trait, guid_Weapon) VALUES ('a8075fec-9f18-4f66-bf36-962eedee2fb6', '02de9c62-da40-499b-9a76-da49ad8eeb0d')
;insert into weap_rl_Weapon_WeaponTrait (guid_Trait, guid_Weapon) VALUES ('a8075fec-9f18-4f66-bf36-962eedee2fb6', 'd27ab717-2f71-4b66-b67d-f86822b630db')
;insert into weap_rl_Weapon_WeaponTrait (guid_Trait, guid_Weapon) VALUES ('a8075fec-9f18-4f66-bf36-962eedee2fb6', 'be84879a-bc83-4746-90fe-fe4c413fdb76')
;insert into weap_rl_Weapon_WeaponTrait (guid_Trait, guid_Weapon) VALUES ('74dc2e9c-618f-4fbb-8ce7-98e1aff82989', '6e439074-d840-4ef7-a61b-1bb8402f3a9d')
;insert into weap_rl_Weapon_WeaponTrait (guid_Trait, guid_Weapon) VALUES ('7e3888e5-4326-4c30-be4f-9c6e631b350a', '6dfc7b00-5ca9-45d7-8ca9-2cc6cd7ebecb')
;insert into weap_rl_Weapon_WeaponTrait (guid_Trait, guid_Weapon) VALUES ('7e3888e5-4326-4c30-be4f-9c6e631b350a', 'd900f107-d4f5-48cb-b23f-3ea977f4502b')
;insert into weap_rl_Weapon_WeaponTrait (guid_Trait, guid_Weapon) VALUES ('7e3888e5-4326-4c30-be4f-9c6e631b350a', '3a1accd9-9305-4501-ae82-6211b36f96d8')
;insert into weap_rl_Weapon_WeaponTrait (guid_Trait, guid_Weapon) VALUES ('7e3888e5-4326-4c30-be4f-9c6e631b350a', '349c6055-11fb-4100-9fef-68328cb14d2a')
;insert into weap_rl_Weapon_WeaponTrait (guid_Trait, guid_Weapon) VALUES ('7e3888e5-4326-4c30-be4f-9c6e631b350a', '33eb22b3-67e6-42f4-954b-e473840826b2')
;insert into weap_rl_Weapon_WeaponTrait (guid_Trait, guid_Weapon) VALUES ('7e3888e5-4326-4c30-be4f-9c6e631b350a', '0e337194-078c-4f99-a339-e7e311a2bdc4')
;insert into weap_rl_Weapon_WeaponTrait (guid_Trait, guid_Weapon) VALUES ('7e3888e5-4326-4c30-be4f-9c6e631b350a', '5c6241a0-716a-430a-8854-f7b5c8ce74e8')
;insert into weap_rl_Weapon_WeaponTrait (guid_Trait, guid_Weapon) VALUES ('7e3888e5-4326-4c30-be4f-9c6e631b350a', 'd27ab717-2f71-4b66-b67d-f86822b630db')
;insert into weap_rl_Weapon_WeaponTrait (guid_Trait, guid_Weapon) VALUES ('fa6c7360-1928-4f89-a03f-c45641b26861', '4d49c0b3-53ba-47f5-9c61-5d3da6c6f375')
;insert into weap_rl_Weapon_WeaponTrait (guid_Trait, guid_Weapon) VALUES ('33104808-7332-49d7-8484-d22cc3c5f6bc', '1cfcd5a0-60df-43c5-99c8-152caeb08a6c')
;insert into weap_rl_Weapon_WeaponTrait (guid_Trait, guid_Weapon) VALUES ('33104808-7332-49d7-8484-d22cc3c5f6bc', '61978a5d-c69e-4466-9048-be0c50abf97f')
;insert into weap_rl_Weapon_WeaponTrait (guid_Trait, guid_Weapon) VALUES ('7ad0cb0d-b422-45a2-9d9d-d60ac66bf5b5', '58c31b7b-c0d9-41ba-8e9e-187c8fbf76c0')
;insert into weap_rl_Weapon_WeaponTrait (guid_Trait, guid_Weapon) VALUES ('7ad0cb0d-b422-45a2-9d9d-d60ac66bf5b5', '4c82364c-f6e6-492d-8f59-22579051aa8c')
;insert into weap_rl_Weapon_WeaponTrait (guid_Trait, guid_Weapon) VALUES ('7ad0cb0d-b422-45a2-9d9d-d60ac66bf5b5', 'f3496bec-3de1-453b-b0e6-317f99401ecd')
;insert into weap_rl_Weapon_WeaponTrait (guid_Trait, guid_Weapon) VALUES ('7ad0cb0d-b422-45a2-9d9d-d60ac66bf5b5', '9f49f128-f692-4f76-84de-53a32db82b3c')
;insert into weap_rl_Weapon_WeaponTrait (guid_Trait, guid_Weapon) VALUES ('7ad0cb0d-b422-45a2-9d9d-d60ac66bf5b5', '80e1e0f5-70e3-4eb6-897d-59ae929539a1')
;insert into weap_rl_Weapon_WeaponTrait (guid_Trait, guid_Weapon) VALUES ('7ad0cb0d-b422-45a2-9d9d-d60ac66bf5b5', '4d49c0b3-53ba-47f5-9c61-5d3da6c6f375')
;insert into weap_rl_Weapon_WeaponTrait (guid_Trait, guid_Weapon) VALUES ('7ad0cb0d-b422-45a2-9d9d-d60ac66bf5b5', '7dab5339-bc4c-4141-b5e6-7d3f420d6396')
;insert into weap_rl_Weapon_WeaponTrait (guid_Trait, guid_Weapon) VALUES ('7ad0cb0d-b422-45a2-9d9d-d60ac66bf5b5', '6c318ddd-2dc2-4e5d-87d1-9621afdadf02')
;insert into weap_rl_Weapon_WeaponTrait (guid_Trait, guid_Weapon) VALUES ('7ad0cb0d-b422-45a2-9d9d-d60ac66bf5b5', 'ebf21478-2150-4d74-a547-a1bd7001106f')
;insert into weap_rl_Weapon_WeaponTrait (guid_Trait, guid_Weapon) VALUES ('7ad0cb0d-b422-45a2-9d9d-d60ac66bf5b5', 'a30ecf65-6cdc-4133-a9d5-a29feb674d9b')
;insert into weap_rl_Weapon_WeaponTrait (guid_Trait, guid_Weapon) VALUES ('7ad0cb0d-b422-45a2-9d9d-d60ac66bf5b5', '8786c3e4-1169-4132-8389-a9471318003c')
;insert into weap_rl_Weapon_WeaponTrait (guid_Trait, guid_Weapon) VALUES ('ae941ebd-4a84-44ef-8909-d84351a125c9', 'fd25a437-79b3-47ce-b7a0-04b7aa40c061')
;insert into weap_rl_Weapon_WeaponTrait (guid_Trait, guid_Weapon) VALUES ('ae941ebd-4a84-44ef-8909-d84351a125c9', 'c6fa2adf-1887-433b-9ee9-71a296a4fc1e')
;insert into weap_rl_Weapon_WeaponTrait (guid_Trait, guid_Weapon) VALUES ('ae941ebd-4a84-44ef-8909-d84351a125c9', '82a08381-8847-4362-a221-ae01fb9a5f3e')
;insert into weap_rl_Weapon_WeaponTrait (guid_Trait, guid_Weapon) VALUES ('d68eaf40-d77b-43a1-94aa-f9583ce3b47c', '613297ea-ac74-40ef-bd79-2c3ad858a9f2')
;insert into weap_rl_Weapon_WeaponTrait (guid_Trait, guid_Weapon) VALUES ('d68eaf40-d77b-43a1-94aa-f9583ce3b47c', '0e337194-078c-4f99-a339-e7e311a2bdc4')

;rollback;
